leaf_color_green,leaf_color_yellow,spot_size_mm,leaf_texture_roughness,humidity_percent,temperature_c,soil_ph,nitrogen_ppm,disease_present
120.38752556110657,174.8363631881108,6.724553159116525,0.7765236203372775,86.89153824787806,31.485814826992172,3.9430781191056936,36.771591487256046,1
103.29819916929893,181.34043171230712,2.0223410977413074,0.9498027876435295,94.0757830639951,32.99767075074017,4.6418248768814045,84.21924739203384,1
162.05690063878993,42.13979910734222,3.7958776730955215,0.10793264069206338,50.13742410324454,23.690334741202513,5.8811687888363515,133.62719020885896,0
114.35178052235003,143.62659364898454,18.359462109693283,0.568228929798691,89.22374218703159,36.7732440237085,5.047643051256626,60.87018851249581,1
178.919848176295,46.14166700043425,2.285865390724905,0.18887739386512997,47.005582141640716,16.683548525170714,6.118356947910709,103.22828403105538,0
98.06947386942386,146.73236881451834,16.2238718789085,0.9589339818453448,70.64883199275413,27.238369057302037,5.414874864835438,59.193077647434556,1
158.27873487754013,41.86766764477078,0.9037249131047982,0.10016145608117086,58.016803151217495,22.563487631974787,6.620660967458391,105.84748210355949,0
135.4632836287009,153.33398111763623,6.506897874110939,0.7593131478082057,69.77923988172073,38.294936866220425,5.254697252774127,78.6340181019469,1
105.81966857350409,121.7092065272868,13.537017848598442,0.5095002103909185,80.73010717494385,27.817882057303787,4.549963383902411,82.45898920867464,1
77.9732915834677,140.17946167269855,19.310979693588184,0.5264325071930094,86.70746644588404,30.35008395244825,6.008219669468813,61.86273984566932,1
200.34360042856235,37.79030400466777,1.612298440064016,0.05862855030950198,54.81705550160894,22.251724027165253,6.943645418633371,113.84383057722232,0
177.72322357446626,37.59674601841865,3.030283454031842,0.05816342670669683,48.52317184062683,26.350171527847785,6.734633794904263,118.86823022200208,0
122.2259280569973,130.06105586270695,6.1027016774610985,0.2628616015274588,100.0,29.548066914917243,4.8639778181646705,84.23423256020135,1
195.05299346838035,47.57507710047305,2.334456789987025,0.10960923585352103,50.96180063017426,23.597162513441088,6.518968917723801,102.26638155433085,0
191.87494040944404,43.47581705361671,1.2457241499806422,0.3543243528272189,52.71196622495911,22.838700892576796,7.17073795776544,146.3660464970534,0
172.96236521842943,50.53152853332904,2.440474737960399,0.09902692952900626,63.56120190653142,19.65106434090441,6.075785682904593,82.39979932184472,0
161.99555389416335,37.54256935914056,1.8273727000591804,0.23996879517526418,56.2788511359792,28.85163772490587,5.955183481328806,134.29219581273236,0
182.75013008607527,37.52481364448495,1.9016603732052502,0.31647393544571717,62.580211696982865,20.021856941753885,6.37925127706461,109.97195706228726,0
83.1266495302362,115.15343312912867,10.718296608137539,0.7101757770875406,93.98321807641034,29.89387325161583,6.082574057642927,84.59630859015367,1
99.93990397702865,152.42183976268993,7.596229551986349,0.49181971743162967,73.51457163472139,29.92897021111112,3.4333753790173986,89.29525358184611,1
100.47047624351497,121.90024170643477,11.54146987927437,0.7369125422974613,76.61487755392776,27.854763010504918,4.959215750085423,34.91402741251241,1
120.86878315812206,82.09640342577808,20.28104126028648,0.6173527294692626,76.56741084635807,25.01241723461778,5.157995945169079,23.623634872736204,1
110.64609146574573,138.87767424693658,11.972198531759647,0.5669005811716343,76.1407551905123,35.703900402858466,4.308142250118069,57.822881846421254,1
37.668229491748065,145.60586861338228,11.463676170945291,0.7776992164587178,73.63844558492515,29.353834229938833,5.329039634130156,59.807775106965764,1
187.79019771361757,34.24362173762226,0.0,0.1978632705651564,54.56084799506971,20.911885475453786,6.814764792110905,107.86993223568521,0
170.97440081655904,28.16741487334225,0.655549488965723,0.14425082149921664,58.8778625383558,26.42136778991193,6.7823029629468,85.92256826346562,0
166.09604292632875,34.26337993119763,2.771698710648345,0.18615440160162264,53.92553006823562,25.31021565520053,5.912202697187574,126.3490652250035,0
68.0923895865416,149.4941909010224,10.263488555210785,0.5169518965084036,71.13284656996704,36.735949772787556,6.355529756044071,61.31315920538291,1
117.17664489647291,153.440747573747,11.76314648727782,0.7207967775565126,76.75714222837564,40.14349414072717,4.719098757864923,49.192620522316744,1
98.06391348185016,165.04562134204843,4.285983908785502,0.610538288804668,93.28747850540908,27.031013865803082,6.710749551691405,37.90002858133899,1
191.384538307399,41.292211819752275,2.197910783462648,0.2927840128081237,47.8704621966777,24.797634688956144,6.83417024435904,140.76757702038634,0
181.37641164803253,70.78880808455239,1.9835771039272478,0.2192049116490032,62.986487185183684,23.581661172957002,5.830697100138376,125.84385456652747,0
112.64913883639663,88.11029977303667,21.067038492577115,0.6150408113177914,81.89604524091988,34.434942356497665,5.223352403148454,99.78500919407011,1
172.1136746747886,46.10585745283823,0.429499396376823,0.2061679849847972,61.89914777906207,23.854042945288647,5.978977793878449,113.38421551344885,0
182.95291853803684,39.44452301103381,1.786011155774491,0.3628396623128538,46.459736685965815,18.692772285332644,5.69671144963066,116.81909579199898,0
158.62877720679813,49.71570950954356,1.6371614395603409,0.24137990974514983,49.654847315688045,20.073538802642663,6.478261525093068,91.8962030639285,0
112.4049796840829,120.00148733245165,4.579716675378324,0.8426959366449225,64.08041619048268,30.484960653587628,4.080737257452419,72.63894633037519,1
178.28190232121074,40.28318376130461,2.2239141340646613,0.2020793707675408,53.69546428844989,24.621801988196832,6.320185163773769,112.55361894124154,0
75.66552904932414,88.05470450359508,7.496643087437599,0.7729277187342908,88.2944055592704,33.63775412256901,6.122118482609354,62.92075435430459,1
136.2750359532834,170.7555543912697,12.95948867936518,0.7743707531541356,83.36413899891343,38.679691125618554,5.8171214359230135,57.158332772964116,1
161.53703525349067,34.23108130476851,1.4359213692632715,0.21704162223754878,68.6849069806554,19.59742420274268,6.527467055499924,112.15057787878254,0
161.08674068497433,58.48956094945345,1.3744372984904705,0.2308833012598964,49.83018152124958,23.6173526388674,6.04612190992654,92.56652605539068,0
184.15036198995028,48.294055811834895,1.5538165667852204,0.3471170327493609,49.060235314415614,21.49457129510993,7.810396545514988,138.22725444349445,0
211.3858091352819,47.43264094022715,0.8569950872695165,0.10405607632765203,56.913974912889195,29.02347730004261,7.2408317012313,112.83941240506027,0
65.35030144002505,131.8597236962874,9.520609139949254,0.7237133837984776,77.5103496914155,35.21261897045609,5.115044727968198,56.26360767087528,1
111.87919366238454,154.5684395793466,6.522403055772188,0.8716439602839908,72.98765892209788,31.963270586459444,4.228155091289086,40.54763035418215,1
117.38007250209998,141.17337255150923,15.917948323993034,0.8418804465526217,77.85901034093328,28.284831674190166,5.581320832640446,53.12196429362383,1
112.63973104589687,135.89161985286523,17.486500937718546,0.6583683615526672,85.11410579465495,32.95851007295599,7.678639547257006,24.229219959383208,1
110.89938473750115,117.6803121127029,12.552676587369701,0.5361787609856901,85.32829081821745,28.593840080882725,6.141747970547471,30.948354493592923,1
134.98986612864485,159.82939220546695,11.445937198604563,0.811368837038893,73.40235384169523,28.91303674161287,4.740733938330185,39.94501479912052,1
161.28325227052727,41.064302276918966,0.8803301053738561,0.25885784044206095,41.70006409571461,27.577522537433925,5.816431096769877,126.43186422678477,0
178.8833112635075,31.69049883588962,4.16325472330546,0.2474698232879953,47.20376556263487,25.80956229324703,5.838771021628215,145.14298433725145,0
89.70441577590857,147.98811676957388,13.45448528795003,0.6037499769804426,78.31395865532777,33.17415011987456,4.674292030177554,61.83341861945342,1
185.3552322894757,45.93101257968384,2.732640077215579,0.35421099525678756,54.293096326357315,21.508666780330305,6.666929983284267,102.72234078820468,0
167.61754204811234,42.56029734313876,3.1894704889246404,0.25136001065697167,57.029917291956586,25.501997164143628,6.332431109414274,139.03099541148086,0
181.46514147823248,33.730329422122324,2.594754341665286,0.04374541431134574,53.44073375717855,20.650426680154023,6.241785178056214,118.0675265997022,0
111.03267879248115,146.4665286963847,15.503503060602918,0.56826051207648,56.2178868026857,29.6007119067206,4.7139449665763555,60.04942111889527,1
169.84257432731832,22.974163957621595,2.45353430151398,0.18523974137013313,54.15241316556691,22.92891239758017,6.060092823248973,149.8987645490647,0
180.87313077669,35.55706739923888,1.4288210102172032,0.32004139079444255,63.608057108788785,22.075539272867072,7.10003947821343,126.68352834489795,0
176.31917825995694,21.292080789741444,1.9598420493556565,0.155671774880849,55.985638454275886,23.297940422679055,6.929225558328333,83.58793398902966,0
100.75078697910206,130.16175360075678,8.509001626944752,0.7428704930192099,91.7391438521145,34.63621737565368,4.926542543803092,68.00541444872073,1
140.72915912252364,99.7108160224293,6.6166043626449325,0.6544653512101127,77.30366546699892,29.54184486523562,5.265591051059776,92.65180509679072,1
151.32430061254158,136.21751949418694,17.177217082084724,1.0,66.78469852574972,37.59794570788937,3.761428208472714,10.0,1
199.16497343682636,27.19570647503717,2.6127739050625696,0.26963874474567157,42.432990783452006,25.820169177408548,6.572443916548446,94.13716912482704,0
183.24687884372963,55.29550319460614,0.33141592612241055,0.2815737212539297,56.865729050108015,26.371876797488305,6.731592397633793,106.83503175332304,0
134.26340359991784,90.54436876562974,2.7407863421267074,0.8883105414189845,69.54326895505886,31.100587776820593,4.448025736679947,122.30459996501716,1
153.554397669559,29.407864781110483,1.4690030449981824,0.044410435379637264,75.71650913614891,24.465572051576938,6.15472947384187,109.21754593702043,0
77.04682541458563,126.29499254583068,4.836643551301736,0.6024010258947424,80.13808793941064,21.04343917545011,5.232739798983139,24.444258762344816,1
175.67012041619793,41.84836123694874,4.252435805344309,0.11968210493196552,80.10198826927996,24.430165402026752,6.120858965556205,122.18816943665941,0
193.7310317655311,33.534271157574736,2.5839281853259637,0.016379462689670332,51.28306162161286,22.475579407058067,6.306434675105242,109.47504286965157,0
140.71171386930803,135.46242094660832,0.0,0.7876471249652964,88.40061819902576,38.69943869165626,5.4933971263138055,54.497156718629284,1
183.21140616195305,44.78979825746392,1.752822617479403,0.4013387247526623,53.71893763546688,30.072928869860558,6.478588309344213,121.4407372256749,0
128.6610217600182,140.71143952957897,5.212412300790325,0.5103990748078954,73.71345473083467,25.028912104475836,5.337175454072313,80.23161745604965,1
164.1343360656615,47.17542255795962,1.2322024348958716,0.45797093376543185,63.23968654064929,25.516410477499882,6.412822871048582,114.52013836341392,0
207.78417276763406,19.607678222398995,1.0813480535158018,0.06301970204209223,48.229146760073014,21.079361400886594,5.9901678306539425,101.5106802374089,0
162.85544553254064,43.77300493044852,2.5725827813561586,0.13431057210286043,55.170493189375534,25.46361685461322,6.254048776246897,116.89481902350502,0
173.98169292171247,32.96823574874112,4.439752406339273,0.17186724428817868,55.71664545004199,28.601183129749497,6.910172006306228,84.96342386496562,0
91.74699765083874,202.1297479169723,16.297924361717783,0.7631049446527718,70.28228042607125,27.13241315863933,6.204116630699923,52.24022521556086,1
149.3135544197452,140.1970046173682,0.0653506490216369,0.6987830197582374,71.42627446005275,26.355772675735672,4.972130449806239,10.0,1
110.01203466265822,156.61756863332775,16.931882529529688,0.917817654877384,75.05544242411966,30.044455523825235,5.364060271387704,55.95112957646681,1
119.48372509763331,101.42996211975886,19.992690560481705,0.7153726963237311,87.23508616047368,34.40085186297711,4.5512848510398,10.86110271308737,1
175.16907725691487,36.154444557701744,2.7083564472993533,0.1697530313511872,46.45757662736646,28.647060454485562,6.959227221971207,115.40902689279307,0
179.46260941335072,24.84808937801448,0.6206807719854728,0.09076872353274211,51.865934807649424,24.26597277288431,6.107006983682509,78.25945962795862,0
175.514889743012,43.112501545435364,2.2237879516388985,0.23933178393943721,67.17052841537961,27.611653311506448,7.226630331660517,106.64440887062227,0
152.15117623842784,147.02523125704516,19.79394592248447,0.611633180082831,86.27115428565767,28.779619275877966,5.885389937176367,72.01466896069282,1
69.4276245111109,111.91264916901005,12.989583336710378,0.553225068120009,81.67510410540602,33.564511507730906,5.514330808438573,56.83702757615124,1
82.6076280700734,153.82872890948022,8.568604321224578,0.8096438464564324,74.31060560968538,29.42263893191206,4.562309147020016,59.390035819096084,1
186.93155211394907,32.22183312409125,1.5062434168386876,0.2648280433843859,66.16547048631965,20.742524613344443,5.51868715416371,156.3612384511565,0
202.99108369503867,41.220098146453616,4.290942572590742,0.12527883208521767,57.28443259886126,19.941989142469396,6.097842120170004,129.11808390341406,0
184.44180415596864,29.627538456735437,1.8328819196831456,0.29190764829877686,46.997349403155404,26.01144185172364,6.360518534834096,78.31774121002823,0
84.64693587479209,122.25527519416163,16.460337998658602,0.7192926175607449,61.07729168356671,29.467074413140093,4.24275365710665,36.518961482949834,1
111.88576706316559,137.7038808916261,17.029622558982084,0.6943160377424753,83.19358745637888,25.92412087674674,4.485187925984576,77.90850201351026,1
189.9319601178157,28.709482287827708,1.6507422956815712,0.1627166847908233,67.92466258838586,21.967306042993034,6.348977250255068,122.80719739696094,0
207.4718814878153,27.232514241796906,2.319781934142537,0.29039348410861954,60.66643077760851,22.049928196779305,6.036650845576345,107.64716646132607,0
111.1049581822668,169.54727732399903,13.382907527955243,0.8644104861216098,90.88075724852378,28.915198801802838,5.328471546537408,80.73309431457156,1
94.43812758054337,156.37438960554223,7.715740674361004,0.8029530332521799,70.65766678028962,31.178863922014994,7.362422051524067,58.418151002577105,1
65.68836130289748,131.94929613769852,4.010639327525812,0.6807010830471916,80.01652905129255,35.36712309913605,4.889628024874038,84.46144514166376,1
53.99805638735618,125.48379243615122,14.02106432638666,0.6197864993733515,69.30713013011356,31.745705843255514,5.62471545137276,10.0,1
195.46499283743927,34.69742381627559,3.4205042479898546,0.32276689924732926,57.707870747693526,19.962387229580354,6.84102603285631,144.35918304611118,0
86.71363621601962,152.88235804061168,1.818897485720317,0.8655900320052861,100.0,28.108941932959997,5.309277916471002,129.4990906055889,1
169.2847287296045,35.881230338775325,3.1172958315881276,0.0,65.98926836130366,22.15091577588157,6.767314543061218,154.94726395831117,0
73.22868953288904,134.1007503197257,6.244231317235654,0.7340026372741896,83.87855888137734,27.77587680013333,5.321122438361386,72.56249240323226,1
183.91582908269834,38.09661321916392,2.1467136864333227,0.17097254558113487,49.57804023580119,20.784428300879533,6.360119915752083,154.49393299522217,0
191.8654792056457,23.305947188786284,3.0736317498597723,0.20566499248971074,59.10484638540866,31.237846264838748,6.587605709454256,105.6233522478254,0
181.30570602357255,45.765569630557664,1.4823887009638286,0.43193295399816944,64.73726816660397,25.847313449313425,6.384566813077615,101.26987250420808,0
159.33495948064365,44.13434903223701,2.69822331361359,0.29960476858058166,40.57488258995244,21.130690869545973,6.187827305143388,131.13106249067516,0
192.8648943480303,30.241267470226674,1.3610382523104978,0.1122017413243439,47.75414159309905,26.050707969601433,6.267097215440918,61.86023561356717,0
123.95964549605105,124.79433731388102,9.016854706941348,0.5508357217300311,85.94600382945211,32.125966249047984,6.294463480390881,94.75638318779974,1
187.7257152945907,22.212797510957213,3.049552715319335,0.16773201611578642,42.350474383742934,23.060825908430537,6.9485330984435665,141.65382107774147,0
180.18888601172694,57.7080063563551,2.56390912005236,0.25159392177040996,53.789813730771904,18.87792612722116,6.727370456070568,123.16106979840264,0
75.30316647748127,116.30268206827535,10.408812361286898,0.5300822573098383,80.41240248406729,27.706687871108418,5.121979693003501,62.9144628003116,1
110.41115095253632,136.04615389069198,10.136622080240127,0.563078362105523,80.11396567470659,30.95876383491425,4.8593955162787275,34.224368121317326,1
167.8725959566022,32.436492547156966,2.6818914896263113,0.12140105394920506,45.56768167072158,22.34838945152525,6.22522143204571,65.0499031454953,0
173.04873460781306,47.1161487808889,1.813128355838641,0.0756136764608715,52.66550984867565,19.177320406893077,6.90938882187743,117.66468168409507,0
112.56862018727037,186.38758286985657,11.900631823158442,0.8510735800895003,64.19401294100349,29.016231494097596,6.201826929565312,90.83515190881674,1
151.21843177051437,42.704568257798385,1.692221765046999,0.1974973041254856,63.85664535429578,22.36765799365742,6.740933030859246,109.29329825967554,0
77.3982927566,182.57931524795094,11.313445171055601,0.8611499507155365,81.05243126531353,27.20643150019182,6.577724078246556,63.693897685003215,1
84.04293183678764,176.18264248479517,22.2103482646394,0.8803676871974608,59.46981517102431,32.773517807696635,5.698469878311276,61.61264932156429,1
237.7909723598208,54.96044311489183,1.4647647884394321,0.17491669835449528,62.160306512608926,23.997874216270063,7.137437520639361,110.57750696364243,0
189.50878533477018,23.451433281342307,3.5739867632900326,0.22825799504883,57.89202820164881,26.192292357199573,7.035771576117443,128.93745001605396,0
190.22929456942447,41.142276486620396,4.403415585238275,0.35134497432421313,48.69772998473409,26.516821501408835,6.812754008415518,116.11461736042962,0
194.25635757279076,39.29834288541353,2.550052099024552,0.11724097793512804,49.86814723821638,26.67059523337436,6.2719395862629055,137.8590774021754,0
197.14234221772531,40.99332305429226,1.5535663854494717,0.1390487797840717,60.67561453711232,16.31299902361407,6.385100184712403,121.9613507907789,0
44.57952901614839,138.51462046818764,10.317237050609133,0.7167698737305082,86.16837011430981,25.988517565270442,4.320764198756102,57.347734116464494,1
188.56335766039751,46.54365656354058,3.3173940656343257,0.3328194141849058,51.13551158653249,20.248776798090848,6.825760995669753,118.12727622521658,0
157.2094505106898,65.7335980324986,1.4496948461545798,0.2565509645631544,63.004658544343826,20.242819666760642,6.171082723073932,154.69873151673616,0
79.92938890122895,129.689654544588,13.317754059773925,0.729436141100008,84.83223014788808,32.64679410681901,3.1947427435706266,33.09047031494854,1
175.62459375310084,22.412605135768857,1.7182153911394928,0.42105230015913514,61.822189400977756,22.525091443103857,6.33296138451003,112.66985959263896,0
204.48616955897452,37.450227825791444,0.7053185242790942,0.36699045043514067,63.26036963473326,18.66423724798045,6.924087106333334,155.09866143294482,0
127.2192413554168,105.10526994518787,7.819689239499876,0.6527055017070813,85.09352514455317,29.48538277970172,3.4211406656502428,94.74410334865888,1
103.91734320616311,139.82387536298614,15.797574437430539,0.6151635448189015,74.64755918131974,36.36073388408179,4.932157610044399,56.0540622539935,1
193.49399813149876,43.26133022242118,2.0786351903160907,0.4061503576636398,52.929631498663184,25.25519466266605,7.040883363836414,140.83449328117703,0
185.3566885726762,30.444595593995743,1.4691312270796795,0.18475301636194563,54.80643514887267,25.803620246787343,7.359688953103649,77.58599694729867,0
76.8858971405475,143.5762192469738,19.545655067022754,0.4834593606745352,78.84518475815327,29.15415122366518,3.387158324680574,96.2205027084429,1
191.20940407684893,32.95656309457241,4.088374704780728,0.11818011165776929,64.38499710069313,22.848086184142947,7.506135222850382,152.9896178864784,0
113.30015497054858,126.88582465582373,10.528787471817711,0.8035709029182269,73.03468264518031,31.483863539480865,5.978980984681894,118.4456936347075,1
97.17179868710649,167.92084438824887,14.957210758759274,0.6001866552805809,76.15854184316798,31.88313437658406,4.843479757576005,10.45088785653217,1
199.58218210731494,39.62365297575152,2.1504189051435763,0.19173193141573008,40.59153812677809,25.997772756163386,6.683824646495711,127.77957458704367,0
117.38506186375747,180.21952139335934,12.12605433770041,0.7955987024534609,86.28058814893309,35.02266335497726,5.776797562324509,44.87733090179563,1
111.2806329829627,129.61965580236821,15.166634130356192,0.8314253750786849,73.8056524734145,32.24932539847649,5.230157258499139,39.07274665962401,1
197.033484602709,39.44415329089545,2.1975996046923996,0.255623000940066,56.17434409588439,25.8135459790661,5.931157164787591,146.5159329508438,0
139.7459744545171,89.53780339028405,17.351825801149648,0.7751247386506317,93.34482101794515,33.02468242277711,6.018273177240611,106.71508047907506,1
121.91139113757339,170.73036960742627,2.4417972467412152,0.783008347461164,82.7536561069201,34.398310164981424,5.238260255827747,63.348959514505886,1
172.71954678256344,44.810092317367136,1.6796526918056798,0.3528468426412532,53.310958089378445,30.299165367499548,6.728640202307621,110.97682283182003,0
191.51152093729362,38.576205149787064,1.5212513783365227,0.1337099082449052,67.99742766775648,21.54873410679543,6.914866208939587,103.33887885998483,0
116.63542059229447,169.81837913541037,7.041516682798448,0.6129975501019472,77.24128549314976,36.764343419093905,4.80989326323603,64.50177594239953,1
173.69032015851963,59.094166404701305,1.6066611876726393,0.2992042349536523,58.91349704118131,21.29384533692747,6.984092330266431,111.51527333203913,0
197.37166310250103,40.184339330653934,2.302635465239033,0.3884586305934609,34.757699818029366,20.724897371582056,7.005731517704178,81.81287824985415,0
96.80863296204525,172.40157654453492,13.047671151313972,0.7068345821712847,81.41660231952626,38.81836837318951,5.68986577120201,125.94704380650501,1
96.27576725581758,136.01594419635234,13.689787641160592,0.6544974898784298,90.29990368438683,28.793889639581835,6.3296215028346,45.72040064789534,1
103.63802994420602,124.64192139759264,2.7905111352107124,0.8220971290296611,82.99095816137749,29.592222232259292,5.486675608860803,54.58692006159566,1
189.71532807151038,40.05243699718183,2.0961207769409835,0.21222975030322838,49.83228656700372,21.622740237000116,6.226659957706367,126.99600049135815,0
98.77426647904907,131.2640168195761,1.682984237602728,0.49524673068600467,71.07649225766205,27.070275043343997,6.1956521282842045,63.47571717382814,1
79.20112706263872,152.65602473264815,0.14170319570553858,0.6963650749195461,64.98412017196668,29.32742780668893,6.522647709742825,68.94153416577723,1
158.00101805043147,137.34157493671714,6.800967344865579,0.5653254900361555,90.92745289518207,34.16115177614278,3.6760444367914893,51.39754929344168,1
103.47650996633544,172.58195093290158,11.68438493444376,0.5380236328327769,100.0,23.28812907122125,5.275696835735487,91.96437919848435,1
108.40362407565573,181.08445389511334,17.40028029569655,0.3924463814073699,69.53565698541021,32.45357756786676,5.574360337705482,82.00164907393355,1
134.41241125048845,129.69448137438826,8.730508058372118,0.9406508662462894,87.07962313627048,30.539036090040614,5.594307177481496,60.79398641453627,1
74.6310126703537,86.6851093461291,4.347692951283116,0.5596605551856361,79.57974312251451,32.75390304407241,5.51843857320741,38.175275827766185,1
97.71501106227214,105.24445187116343,11.339317055492264,0.7978459227415345,66.21076508701674,38.06177923340899,4.691567120947555,50.94131106134744,1
176.2114777291026,32.871542173228356,1.6375590585968678,0.14194765501952775,65.43472194302522,26.040648316351348,6.731603146049562,89.71059381638466,0
96.32436441422875,95.17233868663558,14.791682116058528,0.6535525429017908,72.88236442057696,34.578381729660705,5.747330566887164,18.965497109947577,1
189.4251826389642,32.216952745976876,2.3287624103034803,0.08803825667109888,70.66677963376475,26.547306332229432,6.257347082316066,111.7701371087564,0
183.67449856663083,33.75181422304321,1.8499444129674734,0.366125921454787,57.15301552996086,25.476056543978398,6.521757334321733,118.01811399517462,0
197.6916018108193,29.189434595917376,0.4070062664683307,0.0,57.81158566033266,23.749686090628916,6.484280414812612,89.2991950493528,0
150.18646628098662,51.195749114345766,3.188393273448084,0.16908835357974988,51.54703749825561,22.649432205445766,6.8464593115158054,116.2534196318725,0
187.82912348425347,43.71145873371309,1.9544139836445023,0.06331213015845791,56.516652932789945,23.69023571955286,7.010691647714699,116.2620768367603,0
184.66361348397007,30.767667538890958,1.0086076505436927,0.18998459235200474,40.815740254344945,27.179809152139867,7.377737849157745,136.83967390904255,0
148.1415641353529,43.801978510059634,2.918316606002313,0.09841781810216031,49.986262203280276,25.031363644649655,5.898399572305427,97.92660342939261,0
100.31248304768125,127.57669937205054,13.023794412008922,0.49645966454506363,69.9362307088195,31.59202113345627,5.829124969596654,83.8521275539157,1
176.9671102134916,56.96456368290038,3.914031353866786,0.34775300810552623,56.143544758109655,26.662966277621507,7.281706679416054,82.60367320935671,0
98.47490070361542,104.82962476256154,15.65977751254923,0.6273822258122773,78.46079221633151,21.872922734996745,3.0,81.42438842456966,1
187.10388645952773,27.889838002375434,0.0,0.3490726136849952,52.574561737325794,25.775442401224133,6.040656744256953,139.10601116475505,0
171.00911031833968,26.64655641289899,3.3920022863445993,0.31486373494287156,43.963054681688554,21.12854725531487,6.175117386575867,130.44285091867872,0
189.77086876958697,28.745109527016233,1.3108121819104321,0.4165002344901084,62.174714526924255,22.64372900150076,6.496739342385271,92.05763629774017,0
70.70864131706095,135.1152412205744,7.561152442307296,0.5796579959290684,73.76109957677647,31.18615543567878,4.694850378013453,51.716192522803766,1
193.96920178674299,32.07127167737656,1.4292537062505237,0.07903589813087947,52.636788718887765,21.542226420835508,7.243623077667964,109.73607270973208,0
116.97367469405583,171.23762251765396,3.6945829221641375,0.5813677312458152,82.79507548001608,27.777442040805614,6.181627677639098,77.27277393480482,1
84.81613916969471,130.00252344672157,0.04021897843488098,0.6319545418612476,77.42092250123092,32.13561089472935,5.226975243920843,89.98248932303964,1
105.31435076580537,113.93555763323559,7.768201400565135,0.6991067936180906,80.86774112382587,28.364921316768108,5.565859424869412,16.770427762414492,1
73.48487334008497,103.07687681170246,6.601318393620758,0.5417338486779326,62.446262661587575,29.999208731616015,4.471483930254008,32.952140782171675,1
85.26820870526734,166.74428637459624,20.99362509175656,0.8145790527450133,80.38554953773739,32.8712093589949,5.01553088118111,97.45244083719462,1
166.742138456983,37.30125064706629,3.797686526849523,0.06528737104703036,52.447568514667054,25.277661618579106,6.196649852617352,125.15505080285502,0
56.30908725429346,118.8764640351626,13.917175157018221,0.7535459138900389,63.95760433738411,33.03507922097569,5.524844897942465,75.19600846837521,1
60.0600207601142,161.2402997129053,15.028031163156566,0.6275635240809223,70.86415330092824,30.462172484091635,4.919377435518757,52.122951802276916,1
172.81238643232064,59.64725132916389,2.2029230208512995,0.25583269125217223,65.53692053871892,26.552693886503917,6.537977633958044,109.37571410784803,0
93.00474144057485,94.22137804154124,11.953557192160922,0.5234556830845047,91.78469627461504,42.28798126997987,5.561654270607737,56.074379288882305,1
133.6556439050687,126.79257383342552,18.77786467855174,0.6191042478305094,90.54338360757339,29.531151013408152,5.1043043005049835,50.91066762712427,1
49.354803172215576,124.14285380776492,4.918864721036773,0.3654297971313311,66.13663572890145,34.024630621842846,5.891859550792809,49.37921631185904,1
97.52886996901735,143.98656267010324,7.151281401826628,0.8967540173908991,74.69909808298563,32.364374425023655,6.65511882576026,106.68655010403377,1
58.28501852804512,115.25105518619965,3.9205660629476355,0.782782895773323,84.85589746298416,35.00349111760533,3.0,115.0503481164904,1
125.18609932987997,131.52194301824903,14.584732578741855,0.8760163414948667,73.31503886639685,26.40877808630281,6.8677703369848135,81.56358711537925,1
170.20006151139432,39.45705133482188,0.4236078430157506,0.25863640187550935,48.070601214284,20.00905912278303,5.797216490410679,113.27490522637856,0
79.59456888645087,147.90895803840363,23.745378933503787,0.8532273089172795,75.7895753646295,37.404063009948004,5.114422824113216,70.42003936207784,1
103.27662965539622,126.17697906581745,8.440133863705386,0.7021223897448637,92.52755545126183,38.355761313776334,3.9012939760470053,70.96031748741613,1
181.4561632402206,39.92027358683383,2.820482181197364,0.23885786045309643,59.6935504118022,24.98023429380696,6.493081126952881,122.82514280174927,0
88.05886043489987,126.88343982332992,17.37671700978449,0.6627076219349983,85.29063645002364,30.232604291036704,5.394507724110792,45.757525926856715,1
167.14263665375577,35.847120860991986,2.425457561784965,0.15120885918542976,54.335155418970444,22.927663731568718,6.694579597833965,145.44707000213535,0
126.70948334235041,97.77042405081846,14.574417980381861,0.6601593159570842,71.64590119771263,29.78729101861092,5.630214552294787,11.453533515514849,1
85.15471479828237,122.6937417683526,16.950831194796443,0.6880917363391446,81.26855400610437,29.841635117051474,5.043371783225135,78.11479446807806,1
176.87816624464088,36.3903383418092,1.928398740585936,0.14481418541075533,59.370273984029595,29.216698991392736,5.991658435711751,83.6404154922569,0
162.13044754196028,43.944521423782966,2.569767280232204,0.05210884312258712,67.89822606390916,27.844931385011307,6.663910586421543,142.71240294365887,0
170.32320368092314,34.2418175935532,4.01020453876635,0.32360931752104377,59.37386854561103,26.778646206724776,6.39534309021032,144.57961004978125,0
75.44241049056714,197.69790626540276,2.5499491440852857,0.75160808823452,74.24366334234465,31.11784708337385,4.9905933678231245,39.075491139010325,1
181.0284446220904,23.3847993773104,3.88115706944059,0.3218761851697317,52.20546563105442,24.05884997308197,6.036809435009231,110.88920947952259,0
157.82217014448858,26.95530499495147,2.166452208213056,0.1350722454933993,46.500851774824966,21.532740202853397,6.248512614724328,124.33551127525259,0
185.42093408262622,37.24948302848356,1.8230527725059507,0.30913101205942695,53.08854320664245,26.896192453773512,7.036489023883006,107.25384505942411,0
94.66358051623905,154.56428297022012,9.848453400226788,0.7364637591491048,70.94226516904635,36.086491936292155,5.772394477415588,96.6695639224744,1
164.96205953043287,66.32382064837391,3.009817089342634,0.2367365506816178,65.99550474536653,24.783751593701567,6.2741702619201885,87.37448369078109,0
95.67995656508839,119.72497840927888,16.662174354773335,0.40948709462463023,89.66370545669253,35.888227862958885,5.808404895667314,62.73928950194645,1
81.08090057460184,187.26101712889457,7.876938747826196,0.8003260195819327,57.25359962453632,31.89495682692059,6.88423794356665,88.11941799964532,1
203.24901607526309,40.47398671316414,1.4979457756473888,0.16629140288819608,42.0695151325073,22.279194681309296,6.352455042881047,149.45341351501963,0
202.16841067112273,23.935536797424277,1.510560557481778,0.2708108676688591,47.77038511415898,19.668435551599373,7.496257676584059,107.86269644285649,0
186.19171390404748,35.91924626978449,3.440117215449473,0.184147042697303,48.25402723747047,20.954717424516396,6.295949580419889,114.82291199260337,0
194.45064193866483,52.012139221639444,1.9102643057127733,0.31965715016644913,53.031500094960414,28.741622059705122,6.052326838818488,144.4616613419065,0
170.99041965121793,50.58424486849588,1.5798131829041426,0.29638791167949097,55.542844084219226,24.628978245823877,7.062176679935251,139.02898554116172,0
105.72490981148351,159.5718433737143,11.47828603506554,0.7721116869651976,72.38157900648301,35.277493072557625,6.358237134766293,26.37463790173328,1
161.31391831932018,43.33662105286948,1.3180157520022013,0.21365353310827376,60.37072061160372,19.91047798622157,6.529011367404197,115.75582060197696,0
192.78650002194337,27.04921227936384,3.0470983026121545,0.27348777860498175,53.33506514181968,26.058955370870102,6.698963524973404,115.86777440607906,0
85.45544916519864,133.43351199209582,8.187403804267008,0.6878623993505967,84.89164457074335,28.574605926875183,3.798098323887203,47.71095152452675,1
137.43579207949065,156.78827929322634,15.406811632876527,0.5216554870697556,82.3600577522258,37.16824133730609,4.426638487437872,92.95492668085063,1
168.25120061495645,31.395866347160478,0.9787671828692868,0.13865973364590603,46.570540646829166,24.30556888578596,6.987908359672354,107.9203874806154,0
104.3821694733481,130.70355294303337,11.700869282350482,0.8077626135207461,85.43651775540174,24.130699743096024,4.7466359135559575,44.99035767822235,1
196.48165277980786,39.032868881296075,2.217432873179723,0.1806340540720282,72.85040116954106,29.385634067736966,7.266183862339058,114.33722206512466,0
183.41189901906193,48.35692112065142,0.7196956013291056,0.21605739810498648,54.16440625170023,24.49428252370955,6.145210072625414,139.93141021158894,0
118.02838406363955,160.5039546688871,11.275477104592843,0.781633052851052,80.32868087426898,34.795678740323154,7.459464472802438,71.31890880191736,1
203.68819223261087,29.323795706174057,2.222133771633713,0.12980083121932445,55.98136252795837,24.003616426086673,5.850209381536201,118.38800501406479,0
54.20794381984935,110.51577195918458,20.497179915043546,0.9389004997424326,79.49597957518787,31.282995898572352,6.144791924244538,94.80096878967728,1
99.19298472376325,124.7153688152843,15.579363723454797,0.7442457183563231,77.89132862965027,26.196288435555104,5.886511256747213,54.11815225068903,1
203.4696548372101,53.66874267444525,1.269069960058081,0.16835915503051982,47.62071852401198,24.591947122216787,5.8094776984231125,108.30764538685601,0
75.50696938207983,139.44302552040716,12.420841150928482,0.7983105744775355,83.03090368623747,30.90061879732083,5.882561236041244,20.884446816604893,1
189.44443262885417,38.15097863557011,2.346488475897993,0.2592526949201183,52.636157455766714,19.490759094720545,7.1644666597677045,131.59714570590265,0
191.72734307665965,32.03104744529523,0.9299152336738474,0.05151020315500965,56.906951861878284,28.469590315806247,6.716479912680348,97.04617220368665,0
171.15952864583682,29.189366724001026,2.7276295436369797,0.14357524013426115,51.50891287578745,24.255954427695073,6.4803463561861845,118.11082571115995,0
212.1591613398799,29.878956247398325,1.516813537700626,0.18328782862135887,50.1005010028765,20.36648421215766,7.34997868728819,121.17968443179194,0
214.71987850010262,32.09525544554688,2.5228354880354997,0.25382960790496334,53.949944263261564,22.924979543936335,6.852253269912362,144.00523499477657,0
115.08118751428485,150.2013211709189,8.309714581693042,0.625755177944789,51.75182943625888,28.136869468544162,5.05911005283211,94.42952341261403,1
167.40417236728837,41.777010009332535,2.1798941511534786,0.2200569197230943,47.22674612366971,21.108723221368166,6.937258537066262,139.5684422405607,0
164.06544429410843,39.33920201352684,0.551986099583756,0.1786557129069792,54.844643152898136,26.01858370790046,6.777756323171124,102.21518343543352,0
168.48978655667926,24.297752801095434,1.719324923133226,0.19643585177025166,51.89185237528891,28.34549768967878,6.357562253315165,104.9512952529393,0
76.19209048153007,159.55325003828648,5.165708183595868,0.6812238357425253,75.37253252313496,41.52685412693018,5.535007968101997,54.64624223222028,1
61.27598687366312,99.04927356409958,16.78895807236453,0.7744600176600911,83.87391699806012,36.33679297617417,4.586346035679759,40.95438320852878,1
99.10436053233843,108.02423159450534,9.196195465100699,0.714671993963996,81.2557781678707,37.31222755594787,4.004195082840285,41.97574728825259,1
78.8287258468659,119.14192386271046,8.094218109344428,0.7525555324579507,78.84505145692863,30.284608297575705,5.462248858859299,86.78789838952596,1
182.57052421784957,39.67305251905907,2.6748194921666038,0.17964196398976384,66.29776444332343,22.77215268566069,7.190727039345243,89.66714901158417,0
73.11719017376905,132.12283172014727,6.840223789527825,0.9516065631708233,77.90155191349616,31.323509257428736,5.619168409661388,78.45593077040405,1
183.86325586084146,40.48521627944827,2.645484181141075,0.30858955658315784,53.93893002893941,23.014144572753047,5.8244628168959895,110.99974284008373,0
172.93442541572517,45.17659020469123,1.8269281757161304,0.13977879396382195,59.972575118848404,17.539971240386265,5.235219961152849,128.6452590126831,0
167.41173715166042,38.929696400454425,1.1676444268957713,0.36725723868377036,56.34768781015691,22.57133737936602,6.209973379314978,105.64162218504796,0
191.61951080144004,38.556395880760576,1.629385667913894,0.26731813512699587,57.082574710169766,24.596844440389482,6.776625609992392,112.08638576487472,0
113.85144427789768,137.9070510037697,10.471904444658435,0.8580837328443824,87.67826024025204,32.31585618267234,4.801092883369239,93.41643394397457,1
126.5985246890214,169.292947867904,14.599510697643762,0.8892278878803274,65.65488001577604,34.62356855115033,3.860424431637404,51.80483850308693,1
163.8338283310604,38.74213079900352,2.1200313267182613,0.08967916342783169,66.28745903797017,22.198729302783885,6.848951636269514,128.98437442570068,0
194.31002645239803,42.799686263198204,4.0752608726252655,0.24558877720816077,67.8977650260434,26.646999186970227,6.399254233026241,94.256728628315,0
98.10835989185425,133.98337063674467,0.0,0.37426428928593286,83.6677172618418,32.59736764423952,5.311598236917967,83.93842908199419,1
181.1370683729059,44.082527557144715,3.613711269058647,0.23231677141847817,51.27751634575957,19.44637875995757,6.781440430087177,85.3759739311015,0
171.83425913212227,46.45375949585147,1.5544974785992283,0.18147123411222918,69.98638220974037,14.941463532537524,5.734446248722139,118.9519109884506,0
153.11928507542405,174.06407131781128,12.785639594954704,0.7418625787517777,80.18659306757297,39.60107369724386,4.401247317698625,111.44527942744406,1
202.1303432542433,26.483153943836662,0.0,0.17963262498230342,65.09537200571194,25.85101784873009,7.286509862607428,112.61585599105108,0
179.72230296011415,44.93317900880889,1.3118496548222762,0.291358462623325,37.91460628817043,22.89216858226139,6.597512492014063,95.25146723554855,0
174.22376579375526,49.551423205012384,1.4445228808397452,0.2833528961608925,57.60637053265733,21.3986093528673,6.084088895884777,136.66667823560613,0
166.54118442771252,30.21627222384968,2.421920754235285,0.023156063443714847,58.97359378589218,23.7852022444258,7.342507139354255,119.24858710041038,0
69.02368243683394,159.02116635778694,12.997119929933836,0.7710111123568699,82.53585523509219,32.841985195686014,3.348764747199916,52.78562207114747,1
127.53307394339406,152.0227023187224,12.04278040412175,0.7637981962495165,78.14508999262654,24.904121535551482,6.289705922948063,44.2087118871589,1
76.55186058659002,176.3154186371545,8.105814785897827,0.4971236965838916,67.82235690923046,30.74932621707057,5.026272954290515,65.76527121915537,1
194.62679600126626,50.29155637325644,1.7558433647093512,0.1533963498131758,76.15474677613628,26.67114949055936,7.493530555849721,120.82651264541236,0
150.71868300716247,47.12998430172388,2.4300416471910697,0.293259083187309,57.241289270556855,25.386182679755688,6.658077978591389,126.1999796633111,0
166.37963886718182,51.792971840638266,2.082283989275424,0.11646529467402428,51.589139230355656,25.90625409062768,6.695347960464072,127.87594596432503,0
127.64751060893272,151.60924658866435,9.606207142391558,0.6717607997370539,83.64842358600123,35.36918930805561,5.089534132270815,58.472562299853294,1
72.21049376216122,133.000167453138,7.298005417578234,0.5697608557602502,85.46611364602157,30.032172380522066,3.866589274568642,30.762984269924583,1
172.22594672589528,42.03463635867223,3.0441608770690722,0.29567023167945844,57.59487425377282,17.111457140588286,6.116671706108326,129.15373172107104,0
177.21511535004274,40.35263551971729,0.48425588500276806,0.20760053914124116,54.05545178407137,23.58788463480181,6.871341209179861,129.6775330237608,0
77.38464062515585,149.33371399278496,7.24544635156384,0.826465799848486,71.12985900300502,33.089685586614436,5.205890145138854,50.867978544902876,1
172.6049859801175,51.59329803364248,1.9627777634901584,0.45581992856682524,55.0513781584875,26.936574152345386,6.3779597631629,135.19424590968336,0
81.67109507225008,145.3184943964415,26.073272222362764,0.714983043161382,72.70533036492992,25.764852019904634,6.454545943621861,98.3218338909078,1
163.9366125290833,46.32781866106285,1.033023856870787,0.41573082132655037,42.96223700775198,23.458824954712778,6.473439673491227,134.64984205559605,0
96.57511276393855,103.14669669894735,13.217651020931722,0.6653395783813479,82.34502646091306,32.13611834538673,4.418879961068962,66.44002143495324,1
108.46382190714786,166.62929914285968,4.49889069276532,0.5561832315719837,74.08123234613133,31.165326515118135,5.179604697131841,45.30359237729999,1
155.8092619321552,53.454200461549775,4.142270358611864,0.11607903326609936,49.799979353412326,23.456327480345692,7.205229572601752,143.07801468511494,0
107.09377559153752,187.44417541864942,8.606784693529484,0.5649114471195907,77.37351777878179,43.74263160931111,6.572726104906156,52.05597764956511,1
90.54980252454457,154.76055153128658,13.48622136690062,0.7626521128359101,77.63669391957659,29.80837878317226,5.773271471807721,87.43050479016097,1
178.04785418448472,39.43054376278933,3.0506543960076122,0.38540925663341885,51.22327537842298,20.699537301084916,6.561773847977791,153.10814226176592,0
189.36179725578234,34.60240319690639,1.9358616534070074,0.1511150578213726,63.807677079988565,26.08661327269733,6.128757883730808,121.45361048658683,0
126.46821324709697,139.1248097498441,13.498238439186741,0.8020345312626443,76.58351413989872,34.617724108422486,6.28735159533122,51.09769878452362,1
108.45058702754271,166.43420763445562,13.107792368121054,0.6312042045848373,76.75978612610002,28.327151333960835,4.3622739450477885,38.22017424980923,1
180.19502837816862,42.356145581085656,1.5476936807509234,0.13309272613400835,50.105847272757714,19.177016918645826,7.232088619376219,145.27413355309338,0
124.445388742155,163.75039571674114,9.007812097094765,0.803915354777329,78.4128745558744,31.266797161895212,3.9057595089477304,82.75539459161863,1
186.02567583148414,39.0394010027535,0.3546012530431082,0.288404539636105,60.161724687600454,27.338065124969777,6.184211135417335,106.1079926167371,0
167.68976522472434,36.73976467832159,2.7090037575885124,0.10269310591184445,42.184273504822656,27.4204471155638,6.627691877837159,98.86884714479494,0
206.48181360421646,37.69065469791322,3.4765403497258958,0.3238283071433636,62.755657604213894,23.4326388276689,6.507809166974802,128.5097986648046,0
128.04644640576177,135.46377326881208,9.726026413111535,0.752251260886919,91.51114089986714,31.22517848078015,5.6447531613166735,73.79910648329569,1
130.5205324703262,104.61832020189532,12.221793987578035,0.6087473852980994,73.19352058511758,32.54225366565883,5.6045883459782395,55.37255876446953,1
140.70382343865384,56.449677135012834,1.966873027126203,0.3213097699979184,67.92300551575553,22.14704431369695,6.651909297802438,119.37882134258196,0
139.71567320108988,105.70642176841235,15.493444067585218,0.9083536544444142,69.87176409663435,29.835972536868404,3.5008419338394683,83.22330033830538,1
83.07512153853672,120.22751545831117,14.962836369236653,0.827032315582737,62.041060314258864,35.308944430629694,5.376466830189889,80.92886215828462,1
177.58071432500986,33.49357430878173,2.1910990680199034,0.25365098435704037,58.2785492554281,20.431764321398017,5.957424736721101,89.65652606656641,0
177.11458552828316,34.23228669431667,1.904704467613048,0.20103526198433808,50.71737451236862,26.22247303626038,6.43727286999855,133.71015477580409,0
167.56507483616892,34.772769794809605,2.9980101098596523,0.2778361076166638,60.57563523608589,27.155842853168757,6.693404260344601,105.86214864025303,0
169.46920359183972,40.77368307647618,3.0666746895891537,0.19939290884601069,61.97037837965795,25.866621432130206,6.253438588800114,135.36414433263474,0
70.54897831559049,142.78431504600132,4.972184730718567,0.6908386492971436,58.859399294125325,27.68594903454161,6.613209440262107,71.16341267351778,1
187.69901149670034,48.816397569494505,3.1087035805829077,0.0,52.92876021036738,28.357402603412236,5.5401634219011715,127.65977969481857,0
72.69590918204776,110.0075617908673,8.323994826183768,0.6920339797454633,65.0943857805378,33.90235374371433,5.308687539265326,39.5961252742989,1
152.39608754522897,141.5021498653791,14.365191410801076,0.7436421046509227,62.17776833253522,31.35832247209861,6.538753508498388,57.13601431318701,1
73.06559807538105,80.24239081326405,17.125545762908867,0.7622159336183186,73.92539892708399,31.20951812881614,3.9644529214014046,55.87298587492385,1
74.39928522784051,151.78855951045514,14.457528236233918,0.6667695103624393,64.2616517510134,34.95870187247134,4.157724189180204,53.417304828052096,1
76.36232800143172,148.31518775810494,9.050526217685546,0.861527221698652,66.79952577530128,35.035297664654436,4.603865783746119,62.18684384201848,1
69.82445880356961,161.80492500182444,18.173759570223975,0.8285053720363833,67.3577999318265,37.29097786754054,6.56882304735263,61.80383092054403,1
173.01405369644615,28.753579081621307,1.560268941725825,0.1307094802204093,42.494473530426745,21.711825664301358,7.268965959206277,107.28884317191194,0
147.78547717849307,158.60464275787587,0.0,0.6157663380504061,84.1973878470287,30.972219499512875,5.438761451185152,37.731278411193415,1
175.48344456616067,39.10879960487212,2.3824097461840505,0.09852432693071332,58.61897436999787,24.457064616101167,6.844853902622598,96.6444089746413,0
178.26527576417638,19.325578999601234,0.8772779784377014,0.14183190860513564,54.362868870034276,22.427734806196224,5.853868652447191,149.53868852236548,0
208.4518947398092,29.91913689082596,3.8009404329108154,0.1066732040926804,53.59291350054131,20.22726642325615,6.825568120911829,108.59297267172639,0
101.27994754702713,116.4360498552031,15.517139583936544,0.7866967785459336,78.78117735236016,26.47192972523025,6.048115054937016,88.19215736291072,1
79.19846737875358,142.4417594187084,2.7033161416997125,0.623143863898496,75.62316683039016,35.504695726772304,4.526542694505478,27.385263904988186,1
141.68060278877843,135.5226678745961,7.075034370914924,0.541233904953752,84.59451241113612,31.298821880383947,6.030884855367054,64.99026046006956,1
176.03014750143066,25.214137542201584,0.4160971765142767,0.1394384460263136,51.56558220386192,30.070818657688918,6.640318202245068,130.86958757340187,0
122.84429053463964,161.45035488255363,10.784694005595668,0.7252023010798793,88.96547118230254,29.844956650615618,5.084097150441691,67.54902250429411,1
144.90902057317408,106.29882220149582,12.021149294970758,0.8149364462560764,63.99929276816991,35.08320887995188,5.279147029623108,83.89506862781202,1
201.80301115735975,47.708651938869664,0.0,0.30399046873960767,54.703705623612706,24.554221736687172,6.998429386732904,103.07368045068529,0
66.58186402810173,121.78845945799142,14.467801021671459,0.6763379525152772,75.95123336135283,31.915020882895032,4.720142884866351,63.49134223913377,1
105.72686720514257,147.77774977857987,9.371845330073079,0.5225415722898417,72.96430381092283,36.35084170463146,5.880899278704191,53.8416179705038,1
169.3849580157183,39.758749128899964,3.1727290192593647,0.23811583848827778,52.999627883208376,22.73771461895684,6.945123750418254,124.08778063205953,0
101.29152442127699,149.07789069361309,22.489696695662154,0.7374322284397115,87.73622249427846,34.76029470534645,5.300721110715967,104.68366036074563,1
130.75001431797875,144.2014951491705,13.558264280023892,0.6103498475117713,70.71828099030185,29.754648014231176,4.0274609141263245,77.0831127879023,1
171.5656870613854,32.51513463443446,0.514439626963028,0.3247742072673734,80.54486054275888,23.41852158368159,6.635747655412824,136.28303524236532,0
202.84544784612038,40.46980593764742,1.5377247112949575,0.2543298029036388,48.60646394679797,23.076115411082878,6.364172444836973,99.91890806315979,0
177.79413927746793,44.72597482413043,2.964087168288357,0.040529693273320455,42.976237372838774,25.7256150483197,6.234514551094017,128.8600426089475,0
199.00366723779933,40.13929291912946,1.9744459290085548,0.27533416211045325,66.13972240051463,26.6606621702919,5.9540330498023435,108.88906441026266,0
154.12640169516504,136.2419884932032,13.391743173223349,0.7314205125471659,66.02033570782739,29.654339404444904,4.213967751023776,84.10389710429946,1
119.29800387091687,112.14883874595017,9.924498555183153,0.5857967095286589,83.30975661964091,31.946781458485457,3.8056419756106683,49.58903916879936,1
186.19397181413436,56.65474444462576,2.597400069849858,0.0830083164289712,63.68629059951478,24.02118947588453,7.277080210357387,129.46943798070458,0
101.9899465594009,169.7926874276766,10.058265308494208,0.4908257396711107,71.18619764930426,28.896500707334063,5.487791180101431,26.585787492127004,1
86.88879659343371,132.89612255178008,15.480839985796445,0.4075657423368449,69.25564351660081,29.971965362919775,4.939190003346521,64.85833658345584,1
67.79230956341155,115.79885603724387,19.266377380212724,0.3973991802816383,94.23884992811152,33.36730085581986,4.217856028435154,41.10123233270199,1
110.86925161392227,102.52460098853996,9.953457629521393,0.7121917633084298,76.65819789323075,36.78212555234684,5.012060582783221,87.53325412223876,1
164.90973927750446,41.708654381279416,3.633431532301096,0.16277932239289472,71.59266135799979,23.98321194351286,7.481293595265397,117.21205598673532,0
82.19448090877373,87.83805854072288,14.243178822572636,0.5000307467833289,87.4881309647162,29.04521000668175,5.164510835590751,85.64080284681455,1
188.13840065378946,45.14438834058749,1.1053926977804962,0.374957674318694,52.9811719829897,26.812710412879674,5.925868355623691,109.00919450808931,0
186.07472566441433,46.96206364813418,3.3800913541474515,0.20212715767360617,58.41755489497348,26.764950335773378,6.9511385868933235,143.94493847290457,0
181.01292307031886,37.51035851520926,4.29889812361925,0.2633776880932099,62.35383147660163,28.08197578751595,6.385304627965986,119.02205633051788,0
151.99102211112378,44.714683571359956,1.426299996061421,0.3072507337309802,55.61481506367014,22.05737458309452,6.894528343687759,110.73677275829202,0
139.76455181544625,144.46191659713475,11.525878843595638,0.6913913945497686,64.65389393089768,23.195026106196327,5.361824326096976,50.70552471191279,1
91.82456705975572,157.32143960593592,14.54304186616721,0.6875927464155259,59.79239722197984,30.355900253987308,5.017824308131398,53.96423588187517,1
101.78134374777231,146.0720503287569,8.962638561898464,1.0,88.4043089264484,36.670039291945784,6.472322854858911,70.98631726144977,1
106.31422114991558,110.59566658613048,21.344089202719267,0.5999216372833741,67.6803371615282,35.85562773630345,5.112781264029229,24.349547071988702,1
167.66669406650354,21.591257686683548,1.702436496640008,0.19724850949493639,57.46440431603282,26.096485260607604,6.707432750180955,136.93541550432988,0
97.97803755336346,143.94403598234425,9.38134348614289,0.455299733437439,75.8033054764904,33.52693667585004,5.366658006900474,78.54555735975316,1
195.80703078052355,53.55637858804951,1.353063222294426,0.2718953310665067,42.890284859097385,20.12018112638651,5.905166670454819,157.7537531468038,0
182.7968147215414,40.73317967188404,0.5356251197901798,0.3607345576019993,55.868477646212185,21.138181741810065,6.970655290383742,123.40927541993142,0
175.0850678010335,31.387157986717362,3.1692955904456728,0.2838490774451642,44.23216255802601,20.583500646657694,7.221816001734407,124.30793010912576,0
61.35675533273167,119.29509317586914,12.01143968071752,0.8417817301917225,56.08746148834719,30.980212118385644,5.23443269668031,46.31481193082818,1
178.36859777314714,65.60084538268795,0.610427533236404,0.0,59.16897942703471,19.432922441346328,6.9476777153813,110.81819379562016,0
75.88236435623213,115.12128795366552,4.405445874549661,0.7555317834912612,95.48137069120835,30.682042799128055,3.784759757008481,74.76860838775815,1
211.995500619844,27.778721911080545,2.3819354522315535,0.2224684725751886,54.78875394432858,22.606787213071836,6.667529014542059,116.28308495614506,0
176.64805822011223,41.81866255058495,1.9963974609094315,0.2742095372009307,55.659518023476025,17.36441426601148,7.048234616905442,86.90225127543408,0
89.65960835925893,104.17120463688221,11.712411234972684,0.6655926502216799,76.13321037686555,26.372226397947323,4.747685623771679,85.1651635258157,1
154.30298206363685,39.60444846143345,1.9803622010733188,0.26191542610051977,54.78782992600752,21.23442056062406,6.7865639066206,134.25424057722662,0
183.48380545741506,42.54420843301213,3.4437646040732597,0.2759155160302647,40.35493682514834,24.69210271715605,6.694807088685452,150.4201245431876,0
192.32853756562835,37.50963960443622,3.7945578635177877,0.21417169136399047,52.421436246309284,23.05178143191885,6.860781252563072,101.80633166036333,0
126.45295812717876,119.35865792994645,12.97421170135069,0.7444865407795457,79.4887680391769,26.06806227207033,6.10259182661507,81.360050028018,1
148.37885100150572,165.040795630214,4.364160717051762,0.670270648543042,74.5408067095283,26.897269360017074,6.005384056981653,76.96820173198547,1
170.99674684261808,57.52270443423623,1.5718848390340874,0.2419532443907028,53.32622501004378,20.55361789452403,5.717598614318972,131.06080171704716,0
185.4245403757145,34.69498852389472,2.6585442726728306,0.12644700574102335,61.72496021203642,28.26824440829982,6.841664496405535,130.6963467269182,0
90.96343083265036,165.31593524110178,20.148210655563993,0.6733123186293403,65.28080998887278,29.373242617490348,5.5156639883873755,54.82538527254078,1
167.29809422897392,48.303358165442454,1.779035826170336,0.20320041490657667,57.55339608335344,22.712266739104013,6.099980717801177,97.39592550652152,0
158.4620677323084,19.266097675918505,2.4770408272231217,0.13902170956806179,53.28063175769012,22.53831430765934,6.791013283542363,154.0502931625921,0
149.6228612001359,48.231705839619146,0.7742343369976588,0.1751308873816453,45.850190341434704,24.042819203509303,6.595317795632512,113.1490159828447,0
172.05359694349443,56.871416350725646,2.5906548306923094,0.08966333938261264,57.26630297236914,22.64025477293096,6.512694210271205,112.29956376574273,0
45.251957375536165,141.23270828800557,13.383003827555903,0.8007916911721746,77.08043217395735,29.50195817964569,5.227910357671527,47.18528007553728,1
162.46982943570703,30.22444755201449,2.1866091231563582,0.16947752956453324,56.523997438232534,21.016951876174463,5.390349813626233,133.37309609515813,0
212.85683438714966,21.95117899335481,0.4768130952162253,0.0024533433646128644,63.687856929400255,25.64135734552563,6.7413439436046065,125.04480792853354,0
142.39307194527163,128.70126570220305,16.988160384601223,0.9222941152654803,74.94811154519249,31.853640102628276,6.194724637749729,95.41029479250732,1
170.6595072026911,44.4426331148604,1.8036501509150218,0.3262584103427182,54.884381832973766,28.267109585095522,6.8062343970068016,122.87175873010321,0
170.07320302847418,27.10039100258946,2.224451818559972,0.24909749516382515,54.73416007484431,22.77889106121966,5.98373804823623,100.74534869430775,0
187.4507122951685,24.05572341205633,2.9382838059759977,0.21252245026479075,53.53682847116128,21.974465175076855,6.139131223331374,123.67669032645009,0
115.10302223971294,128.21840648243702,16.09962626317617,0.6400182641997443,77.58707312992718,30.98419317441106,5.445111585658731,59.904896658230015,1
104.88704328883227,109.56793269448801,7.072301996395351,0.9452599591791279,60.04356827369985,34.13745959454553,4.871585213816216,117.29778167046715,1
131.48083099467,88.37292384359199,16.198319322155946,0.677482457311929,59.53426952195583,36.49973018121296,5.890822594017218,37.429776825930006,1
148.5304359115937,108.55329610227781,8.83559862557604,0.5265376274884215,61.153324227736135,28.725579893359686,4.050996908057506,53.17666699436218,1
181.0470312748503,49.35678393147461,3.500759790634311,0.11125078221979,41.5324944622324,25.998937502727635,6.547672099720654,124.68048908706297,0
55.59970614878995,123.24711998864417,5.132985555151254,0.7534379183059124,100.0,31.289616020965045,4.722484172214423,73.01890300896778,1
179.47932345442135,45.009171876243805,2.6078965097165394,0.09348863369246274,57.655842644552116,23.314200253979944,6.542946503146665,116.48872109001569,0
169.2704443611005,40.557249122886944,2.6135179727304165,0.1778746376414228,54.2112949417259,18.400380145918152,6.278477989435759,109.80386613618235,0
116.01357337686933,137.6763948346603,13.135172394324444,0.47541135322320327,79.37352479407036,32.302305490680155,5.101490851718186,113.64562312691221,1
73.74648150994636,105.6785137129734,22.849682940402715,0.9054551661481276,76.41694521990337,39.13910015674038,4.943691952450565,66.23627364825181,1
67.98861072493833,150.53865208841404,7.95309589458623,0.6170365274628801,58.88683108337496,33.23132949005554,4.573921122065129,24.32933558046644,1
165.27737023428074,25.924883052821787,2.99626681944714,0.121510168691776,65.48246996895686,20.738262183411592,5.995722657961896,105.33934008952022,0
184.86249528732662,36.36387787786144,2.2010990467149676,0.09758131756707951,53.65484945132168,22.32509473816191,6.2038220221739735,140.97414252833127,0
91.477303066348,148.22766946775323,17.638901253169493,0.8259023671347403,90.53132824768244,33.50182343050901,4.213518955988116,37.90702148272343,1
183.89824191372637,15.283554998727105,3.846636996047666,0.2949554135441324,47.581174926475406,23.330393236095585,7.713358243172761,126.48114056443121,0
90.30750208978597,136.25148202302228,14.464932292572296,0.45749299375779784,89.21861504794252,33.279860764580654,4.462839181256863,17.643602600123053,1
139.8610597937299,149.70780013558624,8.772139639823024,0.8436759446662401,78.5022769916568,42.00360199173713,5.553397389102046,62.102359706254916,1
95.05155677538295,164.00761990703677,9.022325324080704,0.7315901258946462,75.26270747833239,36.47452933661685,5.737911470089106,47.078827920654284,1
85.90131279854393,126.2362017072878,13.797378987735627,0.8789669418776541,94.35797806135815,32.0927839142295,5.672908894339146,41.28000509949865,1
168.404853242168,58.12448557996929,2.853415558780308,0.14709473226537054,64.07016077493651,27.707434860020815,6.401766708285951,111.68066144105282,0
173.39933269954525,13.490301916069882,1.5322987986881087,0.08041169379648157,46.27226855827841,22.487460506976987,6.7761499688397615,124.50528234495098,0
104.44375265670078,172.587698298369,10.76808298742726,0.5156224603299375,89.19244917564096,30.785495708407996,5.136073237869961,56.15005837005421,1
171.12642916746256,57.54794181984364,0.9465844368263439,0.2955305208570511,45.98586024872156,23.450410143838837,6.5119515216424775,131.4478062235135,0
176.73478195159169,42.11017467202618,1.8093175992366535,0.0858310885866495,68.86011999588074,23.037997123328424,6.0907856670289995,96.76432312175272,0
107.45396164976314,153.7699393068416,12.906255813010253,0.6253641252536178,100.0,29.845705306813503,5.266389935050008,85.50091267255225,1
173.0904184356032,43.66598246096848,2.2891686439078183,0.20340834682592263,53.50284587996361,24.00062119475459,6.6471120645067465,108.22266346522608,0
176.7982927243223,25.933389031517777,1.1530386516816722,0.3226933223884308,54.58885021129211,22.823962080242612,6.397764389506939,102.06715545369583,0
187.46997436868173,34.37533224105732,2.281191423969376,0.07457105768307506,31.476890922685758,22.3551381105282,6.12671082672988,132.16492383369936,0
106.44939953052952,95.34061336613283,13.03801675700313,1.0,92.1418728833109,32.841212160887984,4.716929362005451,65.25917783852218,1
179.107119659073,34.53141058759608,0.0,0.07757017637106343,61.48646618527826,25.212884264885094,6.052465078861697,113.34279191234978,0
185.77976069593257,34.89983601145253,1.718899707114045,0.21846803058649086,48.984245346089445,22.01405346661017,5.376555333007698,121.54961037037725,0
94.3130935011648,149.01619728589486,16.71394257070038,0.8108770742052351,87.25672209502721,33.835976006697166,4.2637754348825805,24.154854401789642,1
101.30646226243708,112.56579202572334,5.207129923712628,0.7720390752108887,84.09526045208601,30.506526299987662,5.488294972723889,57.700788344923836,1
182.61866719247757,31.36009230320184,2.746253566027221,0.19908810033557967,70.19905547916173,25.915175776825148,7.122339790368393,97.39861321919284,0
194.6331769068354,28.021221074111516,2.6329318177555106,0.1944230922342294,64.11902848903236,24.580769734102635,6.736001135459637,123.88215261906716,0
89.89006442040096,114.60302932525055,14.855897031096044,0.8965287862121345,69.51934401969491,33.24596343519116,4.680508144308895,51.043890552312305,1
123.44788843776638,151.4451402481446,8.555572287122972,0.7750214549670825,71.46320859362581,35.35132214091792,5.385285979334474,80.43265509345815,1
158.7694388692438,49.26177547531641,2.3686733088729013,0.13319095463569514,57.80504079418847,25.12922857829255,6.785306498609765,119.08975509397516,0
103.35741243119482,136.2439252800435,1.9627156962749517,0.8134847012369709,82.32216690759253,26.948920897205745,6.276118096361932,37.614300976873956,1
131.98796674400398,163.7398642841122,12.772468327976256,0.8084240342478268,62.1757202597636,27.04175085567904,5.716712336220715,83.93262056483829,1
125.67465658299331,110.694156164084,9.075461732911151,0.8176004168966121,76.52794721314403,38.738099338413804,6.878577179637398,108.82293456223778,1
79.6899412765645,106.68056506300876,14.516260323747524,0.705101214434222,85.2894119457045,30.585256961731975,3.935516847352665,48.87982904573774,1
220.8025374988443,51.43754043206929,2.7604146561442975,0.3826009713546936,49.46063216100915,24.020399533679992,7.379310242097567,123.99620867437427,0
179.68647609053778,24.433708264760963,3.1081828167375165,0.18298153774750717,54.14158284796617,29.987002469351893,6.6246542978208645,105.40795060385182,0
99.0245120155614,124.18112425287403,16.010642293090598,0.6275758613789622,67.49376678172199,35.831728220862736,5.493451234628354,45.32211823449631,1
109.0415265311754,173.80506697167863,18.78291692913991,0.73984254897588,66.46507574015216,28.593351302662427,5.43903822425741,38.48107995745451,1
92.56294497815375,130.07011709635032,3.2888915368236233,0.702277441381065,81.09894779380635,31.988855557332396,5.980570702135401,53.52653008554024,1
184.4547700984978,33.960148132841795,2.2433394493226917,0.17752345981073164,63.00836874053713,19.0704335665375,7.5442213864349625,87.3905351256972,0
188.80285640700404,32.367408434574834,3.1950466289248425,0.20644744148101205,47.51649038364324,24.06739767843614,6.9609007509886265,121.83504968896746,0
156.81086801117203,115.74689349050891,4.184828467143732,0.5981154020210567,85.1573424117084,34.75173188820571,5.347447251262483,54.45546490709661,1
98.79778731673069,157.76372755744464,12.631338681170341,0.8908855244392854,66.78248897144113,29.393299511374337,6.065211269039793,31.649495351626047,1
190.71000741138138,42.48220586300336,0.8416353108074572,0.2299292580406492,43.33958800428056,28.600301103888977,6.1871613562518935,100.79907409441073,0
93.93296807969917,153.03199762534535,20.191798661354703,0.9917792611415399,75.94372146356753,33.711257580611615,4.405937594616942,58.851779281495986,1
184.86125954092194,39.37320902726828,1.3768594735752355,0.23308802322144573,59.6370653857086,26.475294794002906,6.041904042259379,109.03462410149845,0
94.70832545172058,146.6193827744495,12.399007420293666,0.6133118834750934,94.09520665775973,37.45350605415336,4.801861981256769,21.30496109227422,1
90.09425804745601,120.63462574953545,14.926497182581691,0.6744612629806142,95.311696317673,38.161295919279546,4.884810655005504,78.87396915354911,1
137.58549571072498,118.7366180313239,10.878405145609475,0.4607866062755001,73.25821824896035,33.66330651782137,4.0047697653681995,51.674059523655956,1
188.9273553815537,22.898316073433744,3.18703030556038,0.2582097703468616,60.98328204894027,26.33680951053634,6.247126647869032,107.75666165690359,0
177.6009220505486,50.536417966078396,0.6769102065925017,0.117311964596014,49.76986929080944,19.902132866398397,6.424581144216653,112.50355886756388,0
95.99099797387923,120.68578128109398,10.413247538787326,0.8052242172887071,71.40960725111356,35.80984788214468,6.985199128822199,58.87192774189871,1
155.88775148158157,45.298041779152825,2.650201177958661,0.243693816974635,55.56041730490545,24.520024993111225,6.391491474787815,132.80959590401648,0
180.36765261388413,47.07751935455475,2.7589285897867653,0.27942646796218273,59.7484537782469,23.532305466189996,6.39707028455983,101.08507878606437,0
199.60714131423643,28.70293145342382,2.8724573282801447,0.20030460201534145,53.64942621447992,24.152663105568053,5.870747544662333,110.67009241543605,0
198.5672446796019,40.297561394957455,3.364140429973844,0.12719970587708657,49.04077884154841,24.20803301110875,6.650553669595871,128.74626374077923,0
164.63418537998564,34.56575228866235,0.26028622122190037,0.11494795457906999,41.011744214094556,20.786838961052855,6.0258259978879,109.41335775103258,0
181.45493947489078,43.07801768892059,3.105525932957984,0.3221033695525353,39.165601516993696,25.31850369186068,7.477078716875143,110.32877032306926,0
158.81544447997064,40.67518481410109,3.065480375065351,0.4145149127773389,64.18756567357404,20.282224815439584,5.836763935844458,81.4465484130878,0
178.84347435878843,43.269273737641626,2.840643548988724,0.06280988570686438,50.01880510612438,23.040457430235467,6.350161675996606,92.6336992233438,0
85.98480907881725,112.32107957993871,6.541874139204487,0.7935110707419872,75.28685021931703,27.567550166964523,4.417129288009077,67.54683451802529,1
192.38124523482045,34.550809131910505,2.870067730688754,0.1283177679397195,60.104408811526056,24.690212277574208,6.749932061870186,113.98280505718347,0
166.52377992977463,44.296182191325855,2.10537550614596,0.09278609880143932,61.403276201821456,18.461436413285718,6.797514732917782,111.80626814741005,0
107.82830350032889,162.83684330043516,12.136566899257193,0.6572358614436978,79.23479809164594,25.31532091002374,5.866882563869879,61.891838515334655,1
183.6294340734905,24.658858292643778,3.446977884353733,0.12815927344308026,62.064878217177274,21.692572950638105,5.9387275968777935,154.77702703706663,0
120.75479529656525,167.04962023124855,8.850577238180948,0.6422585667384878,84.5233033817668,29.97613520404858,4.897136205429477,20.359357330760183,1
122.50996470987658,106.2605947112117,9.558630787742278,0.7811362777841484,92.27305364289217,27.896527576122097,5.918935328271339,88.501696162379,1
181.75991074963173,46.06009951345639,0.9600940728744691,0.15467719506727248,58.581735406482224,33.329755668016084,7.022544237042377,127.22834634546206,0
179.71475688145966,30.50601111168057,3.642015160136369,0.17735211080984734,50.23470964765206,27.6358319561592,6.463026217195804,99.22912358312055,0
181.663838845648,53.68631557532349,3.4533844771177007,0.1870179300266574,63.64038452571719,24.551548634261085,6.757127378008917,154.08211032510982,0
137.22782770820723,145.30233382685438,4.171759841972019,0.8936910758523817,100.0,34.93221712586399,4.9934598895748525,48.086154964161885,1
168.69395753463766,36.48486515958692,0.5692248978819519,0.11151972859730991,59.41188300832374,25.399075123339003,6.382689715021293,125.40114716782844,0
160.07720926652354,22.966175606448452,2.984322398476584,0.2568983079185275,71.50019935394516,23.923277063424017,6.281617881380892,164.3756046689627,0
192.40774873554037,17.88864690992115,0.11045926905446901,0.1790676322848134,44.439819910234355,30.26861616508432,5.944016487112918,122.11507582542961,0
174.98248146238578,37.27276430252329,2.8836599374866725,0.1348643106208171,46.77859887259233,24.31306781256964,6.107619045936148,79.00117442845044,0
192.1929317825844,49.24027019206901,2.9163276747024813,0.3024062525811463,59.48735558352991,25.951350277608416,6.811034995153024,117.40965506273119,0
88.63630703141389,143.49718082097817,6.393781299528041,0.5715745239007375,77.79439442649493,30.693307009963824,4.677229683420155,84.17945306097374,1
58.58441980805566,115.35490478330433,9.595831052440104,0.7393100213630088,91.20414009783835,33.16385892054977,5.065292062021718,114.46405434979155,1
116.97328225148196,175.7214426953392,9.42608662542629,0.7615825127991425,74.14327369022152,24.004444372555,5.18568401839332,23.059689827013884,1
197.4474562823244,36.573124059196516,2.076821891060255,0.18659828333270825,52.53572572651407,21.972875762515166,6.630221131666778,124.04657592845604,0
89.92310027337423,150.5047885723748,9.309761207549307,0.39701090017657953,85.33547813505866,29.90569604637367,6.353553921562081,63.14716326441645,1
184.3960870994802,43.37602662075202,1.9178488216074312,0.14234895992732807,59.089620796199846,20.21950570448226,6.065853634061817,101.02166958350325,0
165.14195512303968,23.724575621168373,1.4410781527284118,0.10606646061812458,50.71229243908762,20.457561554073465,6.710047245225921,117.67541913756084,0
53.55246371504282,129.22186076062252,13.966535250026618,0.9245065611168972,82.79360953429422,33.695557929775944,5.950912018143156,38.47375819586061,1
70.11765591001888,127.56072904036982,11.196844402372529,0.6551227341358847,77.18954035278256,27.497651543872124,5.068606411974375,63.31242858739114,1
183.65530817237868,27.204230332642986,3.3757068133116195,0.37722515966697445,51.86681146062567,25.262918833168168,6.731644265059053,77.45545159297009,0
89.55226135585274,154.91102843954383,16.311117559434884,0.43282623783015495,86.68772500590771,39.23043403107705,4.607607914934273,19.151926023517817,1
188.82475809726864,36.251791924504026,2.2387891590265134,0.023919118801922407,58.392488355712715,23.245383341866514,5.732213938396447,144.37941579587326,0
216.9486316872793,30.924363379584022,3.5774532797634744,0.25578103063518626,61.779373417203374,20.99343763265558,6.372522103223151,135.15843699847238,0
128.43286355911823,134.43198248058482,12.361394826921444,0.5208715898361566,84.03790520277894,33.115199249541845,5.690232593266632,42.04838040954339,1
185.11727962224967,37.80899471191136,1.347376020697609,0.03864386021232588,56.556859641897944,24.45527397674622,6.474897691479128,159.74551998461615,0
167.59153584671515,47.003098794089915,1.6751686164913775,0.17288763989574313,56.785911313033274,25.225958434442013,6.811355611950134,126.26368947729961,0
46.19041138477049,144.4673679202619,20.393373366862832,0.5732269062360761,69.47613233925897,36.10757847303166,4.3944581112438845,90.5323736421287,1
175.36181436223177,29.647576775806257,2.471415556386404,0.24190190093660452,65.54078028486367,26.623167542138184,6.6197022502676885,115.38950749639498,0
110.70791730938093,171.3210658606871,12.43055434129489,0.8309236526508451,85.89919722180852,32.67028042320396,6.312777886401121,40.674257259932425,1
190.29390285561772,58.82024496475034,1.975645407739017,0.16350472704571148,53.201152145535374,26.23257591449981,6.54191331396468,111.77146785767995,0
181.70276017876873,47.21672064043235,1.6513478655921408,0.27223813578277717,62.71881306477966,18.82257981362821,6.839571387719098,144.01063316947744,0
184.7137099889291,41.156746342928585,2.889630795623437,0.22789941622238022,48.98567159923853,17.98841290677974,6.6702946082002486,127.3746629463504,0
171.50553405595844,40.48084946661382,2.377211875064521,0.18559124442783848,61.46446238624916,27.342965084006615,6.803425296607836,124.29426366341053,0
167.7266897514979,26.51814577894287,2.6387302220291846,0.17735159011501683,46.418055794081546,25.373318598455658,5.9705462064717,129.82415330823991,0
172.73648890700622,40.59218434014488,1.3283766320619486,0.02392372408441823,49.63503832738684,25.090895647874902,6.9272626135333075,102.86455812346415,0
112.56961067237985,130.73543093998043,16.456518434348776,0.6671700622396561,87.82683142769942,30.61125401955095,4.697485008664658,61.09571998651071,1
94.60830906130919,165.73643703995893,14.860031391502364,0.7484778223687308,100.0,37.16303369648971,7.197932101135883,74.41128362806057,1
156.78624363556992,115.16603251045123,0.0,0.7632670111376306,86.08036189402071,24.42895128963979,5.60809948900006,52.5294977742699,1
105.78614806313931,136.44633657648635,6.053837674614354,0.7161166561511338,79.46935298386688,26.656550383325545,3.815789815612524,81.67968532069347,1
105.60849141945206,190.381877761516,8.637572019968319,0.8544119651432989,70.33879169389328,33.09247373717458,5.47036444331602,39.47802693975783,1
173.30227571899468,40.715662372193925,2.2083828079475527,0.24599721429391166,39.99862024283404,19.205626944348758,7.118719067342069,150.32788110507147,0
184.52321013500418,47.55391225825756,2.2790215257703395,0.06881637676498406,54.27573374156671,22.460359300585246,6.6639397620796785,156.97217666592823,0
98.65237877485652,221.07732423986835,10.78650626087359,0.6373854427015851,88.62657290787527,25.959835152058993,5.560396579022428,80.55876177239384,1
86.65999233902083,121.58074660130944,9.677094609421909,0.6941885657515685,78.81082542900823,31.432969783889845,4.47889945608226,60.71938910202496,1
66.44680628787212,136.94857169696806,10.058784732392306,0.6043618686886054,83.43390827871809,30.008152612728633,4.975099612089531,31.321012224707214,1
174.11837770301764,55.23124077269657,3.382158991037527,0.2081829358547565,56.011036636371294,27.117335362260807,5.871746552860372,130.1653727934918,0
189.38501021647508,43.38496407494414,2.785800158650832,0.26779258713392695,43.74946029062533,23.429882894995515,6.686052736303432,125.2804016266734,0
171.59728439704546,50.49009225836889,0.0,0.14488142836714668,52.32944408195192,21.005818118056762,7.045490212592983,137.11111318041424,0
121.01836205323873,130.42957025967578,21.283237182809774,0.8719041362520122,56.95250494280985,30.47019040932284,4.548195197741162,60.30558871037924,1
129.7637148585899,131.8325946703409,9.453933187004328,0.5523198924277047,86.87079776446286,29.520911486984488,4.652406615509762,52.36388243895795,1
60.57508794522507,154.6541450098196,13.978994243548735,0.6079618591955808,57.006437355809744,29.20234183950685,3.8995647731503515,87.07499846292171,1
146.44255858844332,178.20078398469582,6.231538593300708,0.6925179768807823,86.43839509641737,29.003313093587032,4.5631486898234925,26.04562696306016,1
111.45420286971746,146.9339615491169,8.750865572512819,0.6193531363330275,77.48477071475354,24.771834420272736,4.785066624303032,62.309419790998106,1
112.50601173591424,154.64760502911622,11.015390960015552,0.8432903855810807,67.26311341082247,31.091575968876295,6.537078060349981,58.28883768333961,1
74.34076980835269,148.0419635344125,13.906548061323923,0.4268370896058255,78.828325705181,25.192391079926658,5.216333733770335,59.585789754436995,1
176.4879456457623,46.228499323474985,1.6908278765313607,0.20405916912038824,47.3733711339303,24.639881122118815,7.170230525895174,84.47507333067097,0
67.6623093698976,87.94753242027531,9.978190036549886,0.6541584078769295,58.449512296817176,29.10414107812885,4.744681441061973,91.69901217757723,1
169.20233687407938,46.69672548830039,2.492451264008149,0.07760597332377435,58.42645677766119,27.363092001973413,6.63174360766553,98.05394944734311,0
70.65300088977568,131.5903263647216,17.1815144603624,0.22443613961829162,71.16365717713612,29.553465053221764,4.511416669283729,24.6818560274861,1
187.10749381367683,35.67441812180379,2.456753219153784,0.23918040054025466,62.62299637762351,23.0468547097313,6.50168775329858,115.26889425562108,0
36.69384786950787,152.84036160577742,8.868423619084965,0.6619485883686428,65.25767880923205,32.025092624737674,5.309397317919385,99.55291878258919,1
167.76284572551842,56.76437312275283,1.3189483425251192,0.3711708480142344,68.56040832344603,23.77214692907243,5.775704292683228,118.62731907829063,0
164.80753319498365,55.51151975522523,2.267050265869259,0.13265093757561314,57.39002326692549,23.206455476068168,6.775738137619761,129.64133454670772,0
111.23684782080767,107.10460458931232,8.113142575770468,0.8586721271231194,91.25276090437038,36.934897113344775,4.371085142419843,28.368539772869624,1
185.15427434352694,34.861330826633065,1.3622600157486842,0.22337859117907477,64.499088412518,23.016315850461247,6.108117167206801,107.84249478648364,0
68.2484727821992,148.89172371408074,16.97223687754454,0.3519526602654365,83.4968318629026,28.08029770087102,5.557585373607882,55.70815865188042,1
103.07695504140453,134.01245194945625,10.379659123955149,0.892140936500009,100.0,36.19545656750145,5.682064214382673,21.37660194616499,1
78.45742324359355,112.01134679042079,15.168305123870294,0.5208215590350946,87.9378221453044,29.435674933846578,4.439052503689635,98.71598237560092,1
161.43276751759726,44.89374561227918,4.076747983560841,0.16003638143853977,50.260285926776845,21.056503406580955,6.865935352144148,97.65627076585994,0
65.85439611461402,128.55379034543776,11.720397757388934,0.7325024678446429,78.03147726906326,29.9498635574138,5.663477407805421,87.24762397727076,1
196.3342589545105,34.88784323568815,2.436323669674032,0.0033643410623998282,58.53552519655527,27.963912096819037,6.069456044913215,112.22958449633981,0
162.73509633866547,30.350765394198955,3.5795721457307126,0.20438114719791098,51.42142483472999,29.401533544532562,6.786028720857072,144.9378343106944,0
111.66363278625317,134.93689432337925,4.145592714370439,0.46825939799848615,65.63864203969538,29.25580097185928,5.010840930611312,67.2800688784508,1
68.62693329994269,149.2515278817239,10.89243368523938,0.6591182917957286,70.41234742064626,36.81030602090091,4.393670643657435,17.625664037084682,1
190.3521598756667,51.49273326285676,3.0225704320096405,0.27368438970924336,59.444835728027584,22.112209818921635,6.626582619018991,96.91274663534031,0
190.19396623402014,50.94191518470949,0.9772074348015944,0.17231867001110796,55.150796983558784,27.022541069510766,6.260253516300378,120.68882023411683,0
150.60494814180336,26.198985417851084,1.001645959261209,0.14464117582920055,58.388792524747686,22.473109122877503,6.913023585720753,152.51917830724125,0
73.34412670251938,113.75861252725147,8.117504297535,0.22349442802059988,78.15697795957759,32.0627289458865,5.589047994680177,61.8063012059479,1
212.29773686267333,46.21809962217196,1.2460354111333238,0.24664299824335265,54.85032994843282,27.35219644770738,6.254423126428947,99.9556596214655,0
116.16223844314428,148.46718294804225,17.26992885591438,0.7581057220949484,72.77868429980008,34.896546237257986,6.267108596400458,47.56614071464767,1
132.79959346434867,112.44325648860361,9.269791005916394,0.5537790136115737,65.264144514034,29.867638391936666,5.200604405963676,55.30351497478201,1
90.96723595081774,93.90516041298136,17.79690521650261,0.9206552036225655,78.84466786389947,32.3310916151417,5.737834726432322,82.99678789886076,1
112.78748938404654,130.173681073465,18.033040774319574,0.671369167067023,76.84890306076761,33.72344967606015,5.560770107821182,30.22708735065683,1
182.59771388776772,50.375399442578995,0.9983799901050845,0.16346784486878913,56.705573025901515,24.569118502831188,6.924215441102643,100.96163079955528,0
74.73504450177717,138.39805589628207,8.104536303116497,0.5444400889645006,87.56295002091346,22.462772844857017,4.016978300922972,45.14472819045834,1
86.61708218580853,92.2999465719173,10.957658947297961,0.779034688549869,95.04102078059118,40.33064128843919,3.9837705662075127,70.90589262002638,1
74.35618290899308,119.076982405093,16.43095594292398,0.7619498368206696,74.26731754058686,34.214278124271175,4.7169128550104364,68.74809288123481,1
104.85129859014685,142.1674424853599,12.676691739461454,0.7029071856547038,68.04826040100762,30.501863396998996,3.477015540966831,91.86071066718954,1
94.5336680641241,164.90295537277822,16.64704992395408,0.705334911104949,80.89183673118725,32.49900839865574,4.890766707281792,72.34943455514112,1
108.0196431483171,148.6890403450888,6.5393939982571645,0.7968381568261289,73.85373099428136,30.623744173183095,5.748686254886735,87.97236494826673,1
197.37893368511106,48.711247034316926,2.19652116970147,0.21195803684141534,55.60346911121274,25.494665245490356,6.037287686970206,109.4204458387197,0
60.803514365863606,119.14295474913439,12.237467341258215,0.661557876362264,69.47775357002676,33.6264881368907,5.220308222377818,34.05021612526925,1
169.79962917632264,51.67782061659807,0.7484605758095559,0.2541462728204788,49.76739453498061,24.062659464887886,7.435482587685891,129.33341963932162,0
46.781647639629696,191.0519010035936,9.612946469035997,0.754024627591865,88.60089739908665,28.380208668247736,4.934854902974798,37.04952345902588,1
136.2731887069803,120.44991268722407,9.579130243756314,0.8213378904089079,67.9155126745265,27.61511870052574,5.758069576271359,50.46276462939768,1
67.88539335750076,169.79748336033933,11.493596406492335,0.5556023482121535,79.00791072644806,38.54695984732256,4.415950158527509,62.11317459460811,1
179.60229186826174,39.49761890550863,2.219150327663939,0.2817766299200287,54.03695068837121,23.511621281783118,6.773632398688983,127.1690723641924,0
180.96420028643195,30.10395179741419,2.0380034781682004,0.40562071299403224,46.27680738045723,28.258809013540912,7.201684985062595,123.80847779850116,0
157.59096880261973,90.61280571957155,13.621701050074341,0.6828038746740411,83.56022096842291,28.984551545236155,4.4013545797671565,20.246454232992555,1
167.96584096167572,45.62969236690571,3.278451862607299,0.12442548405071553,63.877598735649784,27.376304353244308,6.193881632746125,126.59017471146018,0
118.93737873343714,148.78699750880503,4.881586815580385,0.537091812682287,76.1614610684079,32.053801458477174,3.7764808555942233,69.98070482348318,1
118.03698309393359,162.3661796893468,11.559543779854634,0.3672478359923378,75.20492536703466,27.204194408024495,5.07687581842025,84.09813557638927,1
191.2789954903016,47.51387123371789,2.1940899928983075,0.1813028697014554,51.516109035441254,23.426916712199493,6.074296782869843,145.9174356372603,0
189.17514433261303,45.040465155178445,3.189016531107552,0.23740565698475724,52.17466965751449,23.088821913670007,6.1421200054446246,124.41082854027734,0
185.19672314245463,38.44322764607921,2.352055396514297,0.019801956241998042,60.42300255624726,28.984410497184054,5.5600378074304775,135.54814705529023,0
131.97164533283484,140.01707047393705,14.363151729217028,0.752289267979147,70.92089059325924,35.08300083847515,5.9762529614306255,46.300104531471554,1
162.7889137896106,154.2626802088629,3.635530493442129,0.6389672133243438,72.70798990188487,34.5547085595212,5.847675548777509,78.36191862503044,1
187.70678926368313,27.55345296688583,2.6351718016819694,0.3501333651955487,59.06980018583947,25.06684004635698,5.397216971450465,89.05392022123269,0
47.35882645399189,146.07511805136,7.167060545073424,0.8658749599442068,88.37158898658242,31.920822621917168,5.504622457092042,55.411795696071174,1
67.68436632119344,130.0580076596349,13.622293021762585,0.6975084486511136,79.55324999199401,29.718743728854136,4.200143728328509,53.36098718703647,1
172.95788421097572,41.20295631711899,3.255756125573521,0.05973947282003064,57.584634184928234,25.977737005297215,6.905698277245796,138.30780551120324,0
68.62161570066513,152.34137119107876,13.053342326015555,0.7939920455894606,81.51165467627084,32.443545531313674,4.823837328971751,51.05430166396833,1
183.13295392507132,56.286155455712915,3.550500492814077,0.3677700814076441,47.35901936520518,25.1772479015363,6.434263702164166,158.08273179146013,0
115.96650421607757,151.11934519578986,14.30135812491152,0.872450802831812,83.3102609489421,30.132964752194237,5.095259355899099,50.92170882957305,1
195.4869789082672,28.934740912583298,2.260673765823907,0.4601683114180395,62.353233388880014,23.963733156461835,7.015290292812029,104.32492957751143,0
189.15555398150198,25.915387036364404,1.8604103718448262,0.1996625542589048,57.95713753758475,24.750600618755083,7.011854773053491,141.41221119958374,0
117.05173725156578,140.86784371881404,14.470319594877598,0.6482252941825305,88.48482651050593,25.87385873902543,3.3566304512448264,50.01336273817868,1
81.79319493983468,137.84825768022768,10.28560569221218,0.8247425179270604,55.795789910648736,29.771477709711075,5.758379224104078,81.9178546596529,1
101.95357657424118,117.86878284689443,8.4197828186208,0.8378372281987494,78.69369802658069,25.9498841388045,6.75379647580504,89.17801970008244,1
131.38098989896392,39.672467297840015,3.1487657003721035,0.17909767427139747,61.34790976441771,27.707346575466463,6.798614109126692,118.13226282200104,0
184.60949281314913,27.48886423614697,0.0017993154678923595,0.32083662305931426,67.78917736403774,28.204795778839287,5.843890403284297,131.67088606023776,0
118.39054993114367,157.32139389544528,11.604663290677218,0.7300689447120593,81.0734561670797,33.44157358007232,4.791208663843419,71.97507858481897,1
183.75739275518814,40.865897874729,1.75876394214367,0.08298869739406406,33.3741416560061,23.472436786703785,5.707008343881021,144.11989033093633,0
114.34361052511034,170.94134393779996,19.175436996111177,0.7784834778605549,99.85094895036113,31.771835332588232,3.6762602452276294,44.21493611083604,1
142.80100710044732,165.23679471489922,14.473528268875162,0.761445417802599,77.60105616248288,34.55042324892484,6.206095245087488,29.010299686874294,1
87.01509070434683,125.35180816705612,11.69798135401546,0.9089771886902358,80.40205843946222,34.455083423159635,5.163796558428531,107.3047940208267,1
84.30665234788736,171.88476844997538,17.697777680127345,0.8321720081220053,80.27495875732053,29.57937505757601,4.18549055601975,66.60636909018348,1
160.19315080373585,37.96954613957007,1.3080919301187555,0.29343199112392737,59.008753359518764,21.51450892565926,6.217612997914529,60.177280581985535,0
161.44573933682878,45.7707212718054,0.4744748290752612,0.0,62.801581038259435,19.197288064570454,5.8111912496228815,121.70418899267803,0
121.5409031124486,144.52656856927706,9.916873471922688,0.6310514841590504,79.92596918731306,26.677179474676294,3.8022226664277956,59.42373609786335,1
121.98542602843509,125.07564283197316,21.741713223949066,0.7002428547035411,88.33881054924208,36.89579501258402,5.200887955749835,56.408511752572046,1
114.24400892996617,99.99322238740726,6.548957966002851,0.8406216238760387,73.46585891616147,30.41070698979455,5.009413059955506,32.57140875927965,1
169.22333668121345,33.884821970080516,3.594505063224972,0.27660802783846905,64.00840200617735,26.08043673574198,6.69316165890578,117.78669262885342,0
129.31892113168612,147.80945526166428,13.592605023994372,0.8744257866302478,64.49444035657017,33.66986035928518,4.017162450400961,119.6991926381183,1
161.78717080818402,38.16016663647321,0.853654606981312,0.30887486197041863,47.64492326730861,26.006224966777538,6.501847835923924,134.79306303449343,0
187.09856436860318,35.40639100459756,3.5033983017671506,0.33017412893987985,52.52632738360109,19.728128542649564,5.840376402700616,117.54582132808552,0
158.9722340581158,45.70598668593159,1.299879185060827,0.24865016438262022,59.92293987210443,23.211327512375195,6.343235156913801,118.71623645783005,0
98.39539596777952,117.7420537995032,16.86550780507536,0.5950757169748535,67.3074550624492,32.14713133269694,3.9996187606695988,85.47308100224745,1
182.76950787798455,54.415686206579004,1.900824136220617,0.3190646274786342,64.29502642086553,24.731859593725503,6.34575860577209,116.18993788004377,0
129.86480551284328,159.2209918992224,17.977403254127395,0.7576303108008844,78.1602528229516,34.98792336041884,4.099591288345006,77.08031010002672,1
182.30587658918293,30.212362842176926,2.64084286126701,0.10283859614893485,48.63179314557209,24.057443332247257,6.605641846139736,95.16478849036751,0
174.2202960470736,52.71555094994159,2.8502217421134928,0.15625416996765895,48.55303946803049,25.387773878561852,6.368275891958875,115.02942763851101,0
192.74403145531537,46.15935606944264,2.0519458858072994,0.2184551303197037,54.123121568593355,21.57520283507722,6.432751607799133,128.39219944048236,0
104.62938842074786,119.40161282570001,7.68253197517533,0.7730957855567492,83.07020272135357,30.676900415907788,5.049438048981743,32.14796604417281,1
201.04191466404149,33.37376241054153,2.132969674146876,0.19295012219409088,60.910483847100025,23.942218860796817,6.683740832737152,116.10605407766637,0
187.23708622864777,62.70692857804396,1.95228864385802,0.13942850769966617,61.08044770951682,28.11854542402959,7.111784441209314,125.77447325650047,0
196.24576864762915,48.6960592010566,2.0596303699201743,0.3185704154662997,49.3327458647163,26.159273826444547,6.182318805587185,111.72788933156711,0
104.61776186952709,136.9066829975061,11.888498581409735,0.6489101939635207,91.50852330699006,32.71965747818567,4.928192793881981,80.5058099576496,1
172.87582033258565,13.031133570584284,2.6523228784134196,0.14713833182502434,65.12566272691761,21.303647855030615,6.314745950704985,143.18148129911796,0
144.5449727192765,158.36593863648324,9.104379451821268,0.7913358034381948,75.52247581760291,34.01715141353709,3.1571603231552814,38.467260507572306,1
78.08065546970388,145.46335106027365,3.2714628357017403,0.7888795460976642,100.0,34.91407457405815,5.1306390910814335,90.30323010583714,1
172.44786518825703,30.956833748955916,1.9342497389270121,0.2599928729996205,69.70546941436098,26.154557177123802,5.934555782337042,139.70899371230436,0
105.55724639502135,191.24530239464815,12.090084360222233,0.5681075826382017,64.04551495244928,32.59782435865324,5.028899865956289,36.44849541064387,1
113.05626590044446,165.9021912761564,8.94571180097467,0.7579573980772091,85.31000626785482,32.42822981196919,4.317452495013526,55.39919002002493,1
110.4551438971993,144.56252576498034,17.892563448992114,0.8157694265853491,62.006052378056886,31.63569655858789,6.157528759009082,106.99686373552521,1
151.6976584540888,151.56209060167134,16.50266538665796,0.626728587983446,77.85729647050611,32.05217349750781,5.333324653887876,75.47582366471332,1
181.22811209079484,42.23884024279131,2.4241659464019163,0.25078357562896236,47.102563782790526,23.25892289776201,7.227911161073383,131.03481599821842,0
73.71725220901638,144.30635966027594,9.991024865291832,0.7029016106217632,78.97827174707923,31.559978005195795,5.522619650429737,62.778234382412805,1
151.17155489298895,160.26996613979276,6.369730195444749,0.5741660988961395,76.58470362662153,36.474199777021305,5.015470666688234,43.506283968650855,1
97.41421939274291,162.18759918535147,15.773666490339046,0.5430818372406243,81.92634115650968,37.262033163760414,5.28233391241859,48.918413379552426,1
105.19506268383283,136.9067763431291,9.591170144532624,0.2743740337903931,98.42177910534731,24.096146800433523,5.340920361510154,30.083360192890105,1
185.1263396366574,48.33922154548904,1.0175126064616904,0.21764415552772254,60.800766294783976,23.308797857382697,6.115001966901271,96.06422707147377,0
107.17389635754272,144.78943490485224,15.230030935572756,0.8173944739474777,96.01430099266489,24.17064564346404,4.689131339883976,87.46212190129546,1
99.99215818470563,140.98617620601848,13.15921046067424,0.6895701570636595,69.76465029374151,28.085036654760934,6.718987985084191,41.83145237794952,1
158.54787933059052,55.039929885826886,3.1608267873785194,0.23946715298229812,64.01364109462067,24.95895547775693,5.883738342615746,120.36803261566877,0
133.2834765497101,181.0153640872072,12.880949112513463,0.7437345515022958,73.53679484765655,36.09222622100896,6.498605352422444,24.03972083013602,1
171.7100763916692,135.43577564051148,15.829391397403075,0.7334729582121545,78.75694940005093,28.630269479494693,4.7523629717684255,90.46200537179216,1
141.90982568020507,125.70634895109846,14.977454488196287,0.5792242372385685,61.114948119315,32.31829413976866,4.880080007912547,31.41652522290348,1
180.9034531491154,37.6105195313359,2.2493836837107555,0.33902075490173134,37.61864363188771,24.122757526187165,6.774441917658682,105.38087448569053,0
180.6835775985572,38.419921014210104,2.3992231226052794,0.28604734883597455,62.62509307130596,18.089688546864494,6.598646132815603,129.07017425108936,0
95.42123822366763,150.73352057004337,7.076726075763688,0.71894712992248,70.33135961995447,23.222470120719905,5.230033473189457,51.330710580832196,1
103.15444759154919,90.78739466404866,0.0,0.7733881802614491,82.87774821084338,36.60106958359319,4.911192621397944,63.22968683329276,1
194.38906239127812,49.7255444962673,1.9374068721004776,0.0643418195376595,56.5578895577502,25.505348208502635,5.725690850568126,135.5205582768695,0
170.22599478591275,35.7311893005258,2.647195939702741,0.14169225614310615,57.29699332161459,26.67779201489793,6.655654336721442,100.35411931490641,0
97.5521188389274,104.42562686845818,14.522416281915085,0.8256646332319884,83.38434957216452,30.61941247544789,5.856442802310318,10.0,1
175.34599865109817,41.50301761461878,1.9423812029664147,0.2630811684554778,50.033219213991075,22.14824044035923,6.942615741494495,104.88416999683274,0
129.5873416722482,140.8506852768058,12.113154263384345,0.5997482207729797,85.56488354316099,32.42867966103839,5.727625175671311,58.531989322384284,1
110.60984844652532,153.70799068886248,17.639544966267845,0.8776384967794258,72.10547600061281,34.50615345334777,3.7012469568363064,46.776330931882526,1
184.84077840507135,31.416422198187867,2.9817654869915944,0.3492688568959522,63.44845447252841,18.67129430130504,5.934692332531236,146.57281656496463,0
186.65729142219342,41.98084760767855,2.5436001545944324,0.32897527540827454,57.309549034238856,16.187358430118596,6.585919669896765,95.95700947847823,0
134.61330118984765,152.18900742716795,14.098528041786329,0.5900546651314361,73.597407956136,31.919604992921393,5.227500247221168,69.84683045411859,1
203.7902522421803,34.75479733720226,1.6783649487826173,0.3726963851233405,45.125209024960625,27.58232820914212,6.335276106826455,80.65860592825695,0
193.08480955081018,32.728628241751316,0.30704318580461454,0.038486818409449064,63.992901759888106,22.92069406263274,6.37191012375231,90.66429618768646,0
168.61301007669454,45.5979044793104,1.0103718634296626,0.2428816500330573,62.625000363008695,24.098390986234758,6.256398539402537,104.39601741765074,0
172.9210220131585,55.93186626639397,3.727543170100711,0.09551908059789666,56.34923737573382,22.05188088503572,6.704881397979749,82.6051660060916,0
67.51959091385439,144.66040424360116,15.401101802383454,0.8082855228157212,66.69821270515317,35.10046048635635,6.843054952069277,22.520469951057542,1
90.5924818768751,154.78373104396002,19.12247910623474,0.5588465949000431,78.19458255518883,30.889945524559067,4.785544784419955,26.369758229784935,1
122.03518822308928,111.42451719815679,4.312076017754123,0.8942478377225433,65.55457499915278,27.201098939639145,4.687108591820285,64.6242643768289,1
158.88804338435168,32.44617067646678,0.5599491174057056,0.2301791899819466,54.765897490520175,21.411672707870636,5.924492958190246,105.75652271647913,0
126.53427412182833,147.69031670472992,13.215617292564465,0.7569108096407664,87.28245691344324,36.328449251972565,3.531366048875997,86.57134232583041,1
107.31788705354633,132.2423073653774,11.60884670470741,0.27515111125237884,81.83168189758901,31.75984983324574,4.726977592504236,69.01104190731932,1
130.98960016103905,188.08614487062383,12.72918235107692,0.3864545651720265,68.82023895389264,36.744581896169194,5.547952830694319,81.0628474113751,1
108.27128261538944,149.4788279681531,16.70590933209985,0.7778306770660183,72.25899324716401,38.75675573460671,4.143297315698146,36.85275240272125,1
75.8583799119198,131.3393373498275,18.101414482088586,0.7039307129161053,75.42379514489006,35.01367785400972,5.715299014280087,50.30310545343826,1
86.69578592182026,110.39923604443601,2.9806860371881747,0.6841271863753453,81.98147265122537,27.283567142548605,4.987809967623838,94.25254634025927,1
87.11954015479392,153.40727273792976,13.016179772930155,0.7998053402549244,100.0,34.98060345713927,6.537812723278022,44.59641354877641,1
71.47478725618154,160.70574225461556,4.284408860285648,0.9424450064082874,88.71080500402805,31.112446914830926,4.763851004218942,72.44470773544444,1
128.83975858292314,101.68248600275173,11.659382874160235,0.8292154788449206,81.34438514848522,30.070745716254788,4.546073492468528,29.77003221900985,1
101.96442574297875,142.58595323270265,14.632683418361536,0.5491597936465801,76.04301468853099,25.47194045989433,5.656336938688637,56.036557689588584,1
75.88655512724522,109.28890421835594,13.53490536343119,0.9730815861912723,79.15824587226946,23.002270183196945,4.915220732491334,29.745976414646055,1
172.47364434623196,25.77746290402326,3.8467073257360336,0.06687670464422221,64.50143510769252,20.337862722257526,6.929793943489901,110.00539647696739,0
187.57480918470685,37.40408648636395,3.078680833431296,0.2181021558703707,50.61020073807231,29.929321753546457,6.076183035690457,108.2693746087213,0
189.84830412950745,35.79015519179737,2.4477085600173147,0.2183359919779156,65.51931562867237,25.673073182175372,6.962135069768915,97.87412975176731,0
127.59693358290644,124.44912986114046,13.53838326700557,0.8770192260612291,82.47393937068975,32.793574068709944,4.84163092924002,98.25836410886028,1
161.68734525043467,40.74094780419775,2.234214732536521,0.36391168054440676,51.77081229406403,32.27898011673324,6.31523653558332,114.00323607450238,0
117.65197284537828,122.13298307523921,15.094431490115769,0.5439709420276153,83.87262413464177,27.78465801854262,5.4706859535487675,47.89354120172924,1
166.65728355561714,40.184183791895514,2.1281044149107893,0.1827053940076577,55.34881957097963,26.962003549767307,6.519118997480014,81.75490049160446,0
26.763782749943303,130.86235157536836,13.169240128947992,0.8055160199708341,65.8341919586429,35.904162877423786,4.094726625229136,50.34193811382061,1
116.62317905754352,135.94690061300355,12.928442902093694,0.5574904753800809,83.05021088273767,33.7133682026429,4.532652121013901,77.47039175701191,1
134.65873493157108,135.09298371530159,13.81985315426369,0.7376974972357153,92.78071898356444,36.39593342976786,5.45703317660591,61.41854208242049,1
108.667749440123,194.6024183345114,10.754640776734796,0.6646125206031813,83.18101702029976,31.30948346283666,4.626741209260716,26.15613313225603,1
158.04727577801822,45.38910043684659,2.648709887589643,0.19011103468088575,70.51143199246627,23.77270714039362,6.9066025933739885,198.52475412872653,0
66.11381242219278,160.58199789194262,2.818201081148013,0.7328953505800654,81.09047443032654,28.28978667675309,4.0761464448579945,21.68704307925841,1
168.11218892350948,36.64215300709872,3.6839276914578685,0.2662881268667413,53.97169990848855,24.317683359345704,7.404653174866555,132.20432339178444,0
57.93353264693285,95.72328617279771,11.123107720506546,0.5875963465865833,63.279629269732084,33.726526518550386,5.446407921773873,68.43705186815998,1
94.04723909219865,130.99901828107542,15.749501197118553,0.8782895234630512,73.242045559951,37.010162924116926,5.15617731172894,61.23320414487109,1
101.92891240544292,128.79438459249627,8.265383574649162,0.5550764914944374,87.69569025752907,36.64903839002267,4.115223724112029,38.231805708906464,1
87.4553951797117,180.3694697677463,5.46315108884518,0.7866045287659992,82.00235855526775,30.065531441778255,4.485003184733029,11.31643814647964,1
187.7255290081299,32.26210800896427,2.8951932200277324,0.05781893332581564,57.137013208091865,28.452348085607895,6.1976276677308935,129.72072578835275,0
160.19650189469036,42.715788371953735,1.3986323560487863,0.2436559804157668,64.51130697179714,19.510412234729763,6.2935010889282825,165.63303673077684,0
200.3080856124812,46.81500697372624,2.5524899544171475,0.4057495469711699,47.94500279017826,20.988127883755503,5.607066754032944,82.33699583882833,0
92.44548532543446,147.5425002225434,22.465989661049726,0.665304858560545,68.06410484405964,39.8393490189787,3.277065119119576,62.83640100141381,1
176.44772089889986,47.25766623898692,1.5161141659456785,0.2268592278863257,49.24677344606064,23.801602156122534,6.54099777820678,63.35688803778862,0
176.48769937914997,35.49934528520756,1.5655037725676844,0.20488600703257046,51.138051822543744,18.319155999138644,7.336726045149269,118.09071505821854,0
103.52456749030151,164.4722389639195,9.050538411221961,0.6661515428931623,76.29614234611805,28.59754698819221,4.005192177397485,93.3137866916282,1
80.11107330147794,137.8141167805705,6.362519505234807,1.0,94.73363946152523,34.01832725790956,5.838280561105711,118.11747285808545,1
149.78883255511835,118.58754406477003,15.989218899478832,0.9162917508702835,78.08783654898147,28.943252853448612,5.37517113268478,48.08621441951897,1
92.89038375983726,85.57337383892863,13.941878646150842,0.6849286419142442,70.60228836027032,30.900790780989247,4.892900206935374,61.59122653741294,1
180.07670184963692,31.24381746615243,3.206508966508357,0.22673923140719032,59.11126279727132,19.338723701951807,6.895185948025856,114.25104961199288,0
145.17991609094713,121.00742206299282,7.16876840123373,0.6123317062224343,57.14102122266662,31.728514473202072,4.531126663824299,26.98766391487421,1
80.6835138682294,120.50367634445902,0.0,0.6827163651171703,70.60971341976767,36.639359865553374,4.183238623126174,51.97102403235744,1
105.41562438511548,117.0919770231645,18.755364462065696,0.462461741531863,67.72596448473989,35.43159530116537,5.246696232654316,31.664474542684424,1
195.85683339328375,30.60120213672645,4.455300139910895,0.12300267689413583,62.885839965438905,23.972099036584158,6.382796099841839,103.254751379006,0
179.797541628931,37.305931655554424,0.9958592332479321,0.19117179516487454,49.8516013414603,25.42907330806866,6.488223924562881,151.25777537016396,0
185.36681040522424,47.56988616645352,3.399355436586002,0.09530890173180605,70.20952548602406,29.41304432936023,5.561723646979063,81.84384884245219,0
166.20863648649296,33.48163892197841,2.4400144500533325,0.21486674572021117,61.3995352155364,22.93787786717693,6.2913165931974575,137.5209358505959,0
185.63547027518507,46.86051459998439,1.4771399728467318,0.18529979983715114,65.2481308938809,27.716839058818312,6.468904491500345,118.75991981267937,0
108.07436259044171,173.13580272737696,8.849875102330529,0.9110402118837626,67.70027725223065,27.79511988086999,5.059093197159218,39.73678425445934,1
169.04450052424295,23.075353702851807,1.7426234625766548,0.2307406697809101,60.665715386052455,21.946110522719987,6.648287772570381,70.2334529317402,0
92.7990281519481,136.20713916056928,10.063190177235944,0.7001988533101611,84.35967750711738,35.64167399874228,5.065392692409967,58.991652244648904,1
212.8470439982651,39.25566570899954,1.0114088928490825,0.12654084232019508,48.81697865741113,22.759604516630173,6.469117900069936,139.50624916955957,0
184.2148780160255,47.10959968203491,1.740957854179297,0.04743436854299052,51.20928522343267,22.207469415925075,6.878394339993491,80.9779627192275,0
81.61741348295119,169.86907154692344,9.411537135653926,0.6473725854885288,84.27606297561832,29.944397493404626,5.512292955516301,56.31649433446235,1
82.0745962718016,121.51571481352408,1.8910068001902633,0.8234174171251003,80.0084509311571,31.320590569289077,6.216852260805627,49.91780520222653,1
187.3787875725976,42.076876871631114,0.6659745050817956,0.0,61.03433063850859,21.21146741942277,6.221288473445839,134.24644319160325,0
98.15067841014054,146.4299742588982,18.420478969740586,0.7818680070298533,76.85197751240936,32.41143431172934,5.437969642494253,43.155247358513094,1
71.16623723510102,163.32820180852673,11.33915322177814,0.37454838734114465,84.70911248276875,34.785291448321296,5.116025833949101,65.8260737882371,1
192.20275826054504,50.0629280921444,2.243800713771199,0.16118231814587713,62.602460735788604,20.2826787730383,5.877141311776808,87.21031674949131,0
163.40497538990957,33.00274492007414,3.5475052013300616,0.25387559924463693,38.02516080793124,25.17139454978667,6.741124476340328,97.95415700327153,0
78.17597273865749,161.80788450071125,8.47635782194558,0.8925725289780342,91.60115900180313,42.35163589412274,5.236805109389073,22.28610079467859,1
79.87583797868598,128.42651219936855,22.981115710763994,0.6948174064069055,77.7796513599573,39.07267717223913,4.404515947495302,76.0575308752794,1
181.4947704763146,42.59722501721482,3.56552402923434,0.07903052571588925,57.938298507210725,26.146143946323733,7.5282717824147705,151.5623611512437,0
79.61560929209698,154.20258012821614,13.476399703104342,0.5357094221735792,76.75113114649933,26.60729181829004,5.391886196679438,82.6636039277491,1
104.90328647559768,164.88953785005074,8.961768273132638,0.6268441940576883,94.63732832143474,32.89312365302148,4.8529012296166485,57.13819070502843,1
192.18788733591296,38.8767195030917,1.3872113095156138,0.21693608240360782,65.37595637248887,24.796087048198885,6.934578032194636,128.17214615403535,0
154.1262325123045,43.323140119795916,3.0318445394686346,0.17050503217079724,53.556160691275,26.488424525795246,7.0088307334217514,156.65114086958403,0
207.98661766717134,35.123937759275066,2.342725346377704,0.14537555517475173,53.90041188297847,22.87441085902819,5.182126130491561,138.64383128520768,0
191.07699869993115,43.840654489393074,1.9505362903475671,0.1620872259012513,55.19375565338206,21.915860606732824,7.3747919521027105,125.9124897749419,0
131.92413465220469,170.4548677938564,11.432596770589294,0.6116001652858957,72.30550225507889,26.0153647473414,5.4653181337006105,55.93240746077271,1
167.87552571967274,46.206720975506784,0.8964106827842291,0.11897475629856191,58.25641829699628,24.78084151974866,6.739720759043032,130.31256176887914,0
178.9075663101469,31.501556305352082,2.8773622905756713,0.3561511196726853,48.98274875527534,23.200043012296756,6.398509681302172,121.86744748553302,0
168.40762178193643,41.09394794604893,1.3485819963855517,0.20570131248970847,37.78547678936556,22.689840791878215,6.132913100610752,89.61307849046315,0
169.8461699954106,30.142739536644562,1.3626128726934823,0.0006264357428544531,56.55507441261869,22.02565053277423,6.466410854975322,97.9027441387496,0
175.1792123752051,49.82690983945514,0.7723921848630075,0.14672991603380886,58.74154537412347,24.14932106154288,6.6711689172448105,99.57675084879399,0
169.60635607109018,36.904535606860094,1.9192834198914177,0.4006092888159123,52.03991176094298,25.567542315797272,7.215683390915592,145.589298633155,0
84.31716385121743,136.7484926611595,5.171912979049253,0.48321921033816617,83.01685045168789,34.13282927159725,3.1821776660096397,23.975459136877035,1
193.76792920582164,51.26565029547757,2.395803533437409,0.3702214944635238,69.2024871408761,28.533464790742045,7.2596419618208845,105.81117995144906,0
101.15006868133186,121.79807255361698,13.39633919108263,0.9774043212079571,69.73888008285458,28.883922313920056,4.4620696121248375,78.06117463052448,1
103.70223549495691,149.10350740136653,13.031808856627254,0.7433092004514754,100.0,27.464678572774584,4.555360276092636,97.5068652250247,1
125.17833341182899,131.99255488658395,7.178999642883777,0.40759423670163647,74.63104873214861,30.893312913123417,4.226076965202439,27.860224981099307,1
181.96110865929137,50.91506851922462,2.346503881730716,0.24446026682201408,51.71348569636332,23.75543198069506,6.812815466823,133.8544551023372,0
188.41176789552352,30.778346758223748,2.924633682912769,0.25366527525272864,54.514713489483036,23.427288624818104,6.809855722983068,102.79229978440996,0
191.80626905613678,60.75400798645439,3.3291525301324314,0.25792914996010885,60.93701992857514,24.739514335296015,6.542843580701679,107.828205535206,0
95.8592147420592,90.77692143959791,10.914344625268988,0.6549301076918944,64.1070126978901,35.5796422241073,4.366182729562201,71.212136354911,1
110.63612160460431,122.02226371377036,11.84398255530458,0.8607894797817696,77.42604634925964,29.95935674539913,5.117130517275376,44.22672915655525,1
101.13056772499957,181.72673814565826,7.129390768918158,0.7999404508065284,80.48325142515883,32.66161464119882,5.0784260941471695,83.97040766169181,1
129.2549677299151,141.82992477504237,10.184416694222168,0.6308245401948072,64.59927928876066,26.118041795074998,5.343697818105539,28.04118427994189,1
186.0607628522181,35.12874616235304,2.046436548156149,0.11015320182089627,53.06993876305166,28.92801885976789,6.087294735010523,135.0115833504353,0
148.8314784381642,140.44033129834142,15.969092335719079,0.6144039354699831,75.64288755143332,26.010213325577006,4.944922915604216,44.70600901238538,1
171.34644516506395,23.390390664840087,1.0316555451363647,0.2086143883046375,58.455380357391526,27.105748004171257,6.5907133100569855,156.59240403432176,0
177.92603548243224,34.00624977046227,1.483955271782626,0.15705944588747472,65.99901135318548,23.566443987853447,6.588410436069699,173.86067327960993,0
126.85795031788903,92.75876769759617,12.162035066700682,0.6620855117355722,76.49385985370067,34.766474300485555,6.179084734834075,10.0,1
57.81639132223224,139.72269990128495,14.399135176834164,0.9578560919262731,67.70188151458154,32.45640596890608,5.613315556748774,81.78810965219836,1
176.70492168243732,38.72082408519233,4.526932425873621,0.21335409047822823,58.22984072269288,24.001583876569793,6.197069589620553,75.23537533350056,0
165.93262440127316,58.76795812558066,2.3934853854217497,0.12432049114305394,42.326912455956084,25.417218833641133,6.407737321172076,93.29036861800218,0
192.33817368154783,55.02357052096028,1.965315112613219,0.11963254320302692,52.32179734314767,27.18062972249664,6.612653961020471,115.13232041249964,0
144.02970312168435,150.6016715379613,10.99823711102918,0.798664476422556,80.67843637866333,28.96411720438662,4.581235324773256,73.35519655936687,1
131.24047263241667,159.10074453932148,10.700999296162438,0.5733513944225392,85.97994549612237,33.663347345144246,5.961982525562244,22.336649245240025,1
109.19049600524278,143.7340870567797,6.901523401455716,0.8901477266781961,89.81567716419147,28.729270413579464,4.499326074803912,68.53039606230084,1
183.36138722715626,39.65011509503038,3.384272818510518,0.2066990717224872,53.42129263754139,22.392595610843106,6.483193717648144,112.20152586881109,0
194.52967485799334,54.79944138890026,2.507274031107298,0.4492999517432791,51.2007707470198,24.901423078832487,6.155136112967913,77.388670403856,0
171.54413170794038,50.1437006501813,2.701172742310898,0.0,55.783865227767166,22.01903658157966,6.926987988276112,114.64717818202413,0
82.27447605923774,145.64403807779385,9.836130582058058,0.8187788965582101,71.44312280538557,31.239036622347136,5.285766369632107,99.48594729237149,1
183.48074906036453,32.742561868465344,2.0155790475814674,0.2468774256075024,52.04311731165093,27.291458135261088,6.3516962704651005,129.40088374736405,0
178.27895337799652,56.69021525289393,1.54111573713106,0.3173473857485325,39.945207636018885,25.753238941417454,6.390977052303813,123.13945921936869,0
151.30079633013304,52.77676821898509,2.1965547765115745,0.28949243769444416,54.37730242389758,21.180290696673406,6.041248589492868,113.57514467764176,0
180.31505762449137,51.03301882016521,2.3649610024662255,0.18782524916167165,50.658609602127825,25.264759831843367,5.449986746174188,125.02947217881024,0
112.285736318005,105.28643615421973,13.218286118513571,0.6676059219474652,73.76240317977297,27.248939040329894,5.436186060032482,46.193468697184784,1
208.1425625882383,44.59180079228437,1.7753668500029753,0.16329721609166778,59.12942629691967,21.227300567195087,5.851941667875053,137.87395378778223,0
180.1534959152938,36.28559134004209,0.7170077758114304,0.20146881947291972,61.237284258154716,24.102457252464074,6.230579071903631,152.6371379817822,0
192.33090239991736,19.61875464822146,1.3236076979407303,0.19726954604900682,72.36754173998251,21.567427466368986,6.002092302604885,127.05009936713759,0
63.0138944215069,158.77748636268274,9.336372508915483,0.7396402407468454,72.08715211198106,33.53061420590997,5.615034413961377,43.38372256244844,1
97.21227932142641,167.27154176509245,12.821473826852845,0.4910896791749505,57.255136489836886,26.600907722475075,7.541816073978664,73.43530007050951,1
60.96266943895351,155.07736712372085,18.555837489013122,0.6949112161108136,84.32454216642302,38.47515055864347,4.748643056111611,57.62220880748085,1
148.00918755360652,218.8014183628021,8.665756415242182,0.4463992558590322,75.99360701174568,38.57416603648212,6.793096334733524,47.12072752269955,1
127.52053496056513,136.49062352736658,11.686802113363825,0.6678898453408207,84.44518491645292,30.970799997528843,4.92543525852557,37.616140658519996,1
192.98632791255181,24.96857046881894,1.9614915304992928,0.07031680520441536,55.74275920912892,19.307275164866844,6.173955555703469,124.48432808581586,0
86.8530081026199,115.61584931804376,10.513119603784467,0.8278702965149425,68.60536758014017,37.452915900529,5.701147737963155,88.39869614859555,1
55.15268755330274,119.67464069349676,10.656771233451288,0.5655501012111908,76.76655935953889,32.24753341154854,4.414939250786029,28.720021584158054,1
138.2548799715838,85.09680447250133,9.711833753311923,0.5805794795220256,77.82993925516169,32.53666566398337,4.610096077201633,33.99503222611317,1
157.27729162971204,31.439161740911327,2.026885838994531,0.12465821296538165,65.72360356818515,25.765659809312158,6.468237712692322,168.23353351156842,0
91.08317164550321,149.49099120964914,8.037382764423937,0.6296303718684386,78.68072269248621,38.39788376045516,6.073444271259717,45.355181913782744,1
133.8860700276374,141.8218524503879,12.565702285265115,0.7771093828637163,67.85520273292586,35.13343484209612,5.216085173495279,40.729529931782764,1
34.921572804317535,144.38840573946496,4.440582902183932,0.6135370635497733,79.35924567218348,33.80245219772555,6.313964753186454,64.64594072256882,1
70.45314686447998,104.1022619032868,17.730150720710327,0.5219509917541383,72.81747361138798,30.91035993358525,5.26961318431391,86.02385434494474,1
184.96895147105346,34.46350694652818,1.4477769557190288,0.12949881442415911,46.94765947776287,24.787683987005774,6.749842555151467,143.5945041672142,0
77.09314748590688,138.38278487418702,9.7702814306942,0.8268704308844392,71.91993857062677,30.36079502482587,4.144825201357992,102.68324523898058,1
71.16668991985637,148.05205776917464,12.064143217718426,0.5394712655658502,74.81251684753867,31.81495513093463,5.2235444733420415,63.58566417143733,1
136.66352148196506,150.7046561952644,4.089116183269364,0.5370810551227885,75.88615770182031,33.87591231259387,6.132733216204178,91.81786834928161,1
211.8323429551895,37.31111309445169,2.494030186282739,0.22407531794885685,45.45090534594816,19.646472929845324,6.755396044263797,114.2290260824859,0
176.61335549270197,57.55340842443204,3.40934744018558,0.23098207102270277,43.493776173461065,24.832130813874574,7.084794996213887,136.90315942368642,0
192.20264454000957,43.991361143520706,2.4956818879726046,0.013346338292693993,59.006755799555656,25.49322926727418,5.8003469125990295,95.8104612916239,0
135.90838514264948,195.31327598493107,10.814940149936861,0.7993077752137709,76.58474246633051,40.090360922277924,4.662790234415564,74.95247887618666,1
165.37977494659017,42.89774856896413,2.642722759867544,0.19846901508270046,68.11971623497115,20.665626129188905,5.993052023853731,103.50971676944653,0
182.98589543360205,28.894241545341714,0.44341810134024895,0.18790518513922186,50.502655787373584,26.03811984886951,6.674825023649847,135.50310988069566,0
192.84598191485208,35.223425532348834,0.0,0.1322284630247894,55.920208633179335,25.38651799824583,6.271349172456605,132.04236640784967,0
182.25590679714313,50.807807255546216,2.940771187988216,0.26931056072631443,59.104683360778346,21.72451399589979,6.324039341091745,146.6114980807808,0
138.08096554280644,149.89549452739809,12.993400047737035,0.32529084737605907,69.9605158527252,33.597270406876525,5.274526670159794,87.3544886880369,1
37.80478358662302,160.9867126129601,19.102521436355318,0.5563646567477182,65.80715533477806,33.8267520429216,3.8028266195367735,62.338087410965244,1
172.39585236943304,40.26091050210834,2.1255764534715422,0.15429037434137283,52.25446179602071,22.42189547199726,6.779069757259253,107.94358688432077,0
122.60043886903286,172.26611152306367,13.116354179601304,0.8195052890606113,66.71937445192306,28.00715096595438,4.726207324149748,49.32989512661856,1
188.20646071755056,19.18070592116278,1.3762310393041948,0.20884068862918476,45.448599948807555,25.60351694544165,6.3242928821431335,129.01206825725077,0
147.4322173693278,120.26653735700813,10.566028821308654,0.657517294158215,88.46911794488139,34.63859999232948,6.182424167686508,79.33099966664398,1
156.740048534008,46.38592458777374,1.4448004733068016,0.35307508323436976,53.21227214102518,25.315427216429182,6.736816038405728,137.38309184993793,0
125.58826610463362,134.60976053579944,10.541206838707314,0.6293026418273323,64.58935286698431,29.007615741513412,3.7648631094464298,67.70730159097053,1
176.4811929993728,26.17200269035664,1.183064329012764,0.23216978061960136,56.436654255516785,26.453668974075086,6.6700256472844455,125.74657808806019,0
201.7671541169256,46.32407739055521,2.104201103951876,0.22935579321666294,60.24720621223809,24.480054677558364,6.411612918442109,93.6573616010683,0
184.93126664489526,29.18451996385605,1.6407079092129404,0.25079913269125437,56.609277246982714,23.556659043547587,6.4772943910338805,147.76675556416896,0
129.66836550443327,144.012240599337,16.809935945359207,0.4672731626411606,79.30690024464383,25.491980316533006,6.302773884363047,126.0502977623155,1
179.81629840729627,41.958452550976816,2.321357215450273,0.21408862469112042,45.16360324438067,23.118099157007453,7.115437256577367,118.21531691557102,0
175.2709613303948,64.45751979616827,3.7359638031652493,0.13564817696198572,52.85175481675334,22.589873556721496,6.799397194780955,108.3280134730799,0
78.04192307050653,158.28450631437482,12.94664153646187,0.827511899862633,79.90916524143711,36.36842713592971,5.755138586553007,39.1077748744991,1
166.3591881780789,45.43360192379935,0.9734847005889398,0.2529692754356731,52.92362657932866,26.35381286369407,7.992629501301705,134.90010625754562,0
86.24711792658653,108.38753982612586,12.22745738165376,0.7083795909766745,78.7660907045166,29.162275370686096,3.2517501345736894,37.66012465702199,1
201.98473153382332,60.60747924881987,1.4827115498996277,0.08124015809704872,55.90616328430212,24.179797890798984,7.0236588533107245,114.42233211698488,0
129.51602281130363,126.09703133098049,9.882007091359114,0.5510700998371681,88.2876899142348,34.812570168880015,5.143823710785907,54.460007640374016,1
203.07054849698955,16.98078835264415,1.2017027554615463,0.26091381209071773,52.0654047054825,27.708392165418655,7.681936247309681,129.16773407102968,0
208.29278851815795,34.07606075761131,0.6401438590200808,0.20281811573691283,60.38058960962185,21.298137796056395,7.974547212654363,111.67611190229492,0
201.61909933599173,52.46085192497629,1.953079421120816,0.31966314866456513,46.15436265211251,25.04302945061501,6.151614090785213,94.61339006906601,0
104.73699553052701,146.67045990738504,16.783515931928292,0.8043795758640677,78.9297924652941,40.272904166023295,5.765625887688628,61.7334290428837,1
174.85928225209847,26.01432426180859,2.0287448229348173,0.18250402433045915,60.07777174849416,21.391010756175916,6.334345808408338,108.60334143522482,0
